episode_index,episode_id,scene_id,instruction,step,action,valid_action,raw_vlm_output,vlm_action,controller_action,previous_action,goal_distance_m,goal_angle_deg,distance_change_m,collided,depth_left_m,depth_center_m,depth_right_m,previous_action_count,previous_collision,collision,distance_delta,no_progress_steps,agent_x,agent_y,agent_z,agent_rotation_x,agent_rotation_y,agent_rotation_z,agent_rotation_w,depth_min,depth_mean,distance_to_goal,success,spl,image
0,7,data/scene_datasets/hm3d/example/00337-CFVBbU9Rsyb/CFVBbU9Rsyb.basis.glb,Navigate to the target location and stop when you reach it.,0,turn_right,True,"{""actions"":[{""action"":""turn_right"",""count"":5}]}",turn_right,turn_right,none,2.248796224594116,92.14605477188536,,False,1.3700913190841675,0.2693848818540573,0.25323537588119505,0,False,False,,0,1.8454498052597046,-2.6005380153656006,-5.4513726234436035,0.0,0.023357920348644257,0.0,0.999727189540863,0.25637754797935486,1.5346996784210205,2.248796224594116,0.0,0.0,habitat_vln/outputs/03_navida_overfit/navida_overfit_20ep/closed_loop_all_linear_ep5_chunk3/run_20260711_213417/frames/episode_000/frame_000.jpg
0,7,data/scene_datasets/hm3d/example/00337-CFVBbU9Rsyb/CFVBbU9Rsyb.basis.glb,Navigate to the target location and stop when you reach it.,1,turn_right,True,"{""actions"":[{""action"":""turn_right"",""count"":5}]}
{""queued_action"":""turn_right"",""remaining"":1}",turn_right,turn_right,turn_right,2.248796224594116,82.14604994015053,0.0,False,1.3551130294799805,0.27656505405902865,0.2847179532051086,1,False,False,0.0,1,1.8454498052597046,-2.6005380153656006,-5.4513726234436035,0.0,-0.06386292725801468,0.0,0.9979587197303772,0.27948588132858276,1.4308648109436035,2.248796224594116,0.0,0.0,habitat_vln/outputs/03_navida_overfit/navida_overfit_20ep/closed_loop_all_linear_ep5_chunk3/run_20260711_213417/frames/episode_000/frame_001.jpg
0,7,data/scene_datasets/hm3d/example/00337-CFVBbU9Rsyb/CFVBbU9Rsyb.basis.glb,Navigate to the target location and stop when you reach it.,2,turn_right,True,"{""actions"":[{""action"":""turn_right"",""count"":5}]}
{""queued_action"":""turn_right"",""remaining"":0}",turn_right,turn_right,turn_right,2.248796224594116,72.1460519386049,0.0,False,1.3025919795036316,0.27386974096298217,0.3163023591041565,2,False,False,0.0,2,1.8454498052597046,-2.6005380153656006,-5.4513726234436035,0.0,-0.1505977362394333,0.0,0.988595187664032,0.2827228903770447,1.3977528810501099,2.248796224594116,0.0,0.0,habitat_vln/outputs/03_navida_overfit/navida_overfit_20ep/closed_loop_all_linear_ep5_chunk3/run_20260711_213417/frames/episode_000/frame_002.jpg
0,7,data/scene_datasets/hm3d/example/00337-CFVBbU9Rsyb/CFVBbU9Rsyb.basis.glb,Navigate to the target location and stop when you reach it.,3,turn_right,True,"{""actions"":[{""action"":""turn_right"",""count"":3},{""action"":""move_forward"",""count"":1}]}",turn_right,turn_right,turn_right,2.248796224594116,62.14605393705929,0.0,False,0.26125019788742065,0.2686847060918808,0.3681945979595184,3,False,False,0.0,3,1.8454498052597046,-2.6005380153656006,-5.4513726234436035,0.0,-0.2361864149570465,0.0,0.971707820892334,0.2756215035915375,1.2171282768249512,2.248796224594116,0.0,0.0,habitat_vln/outputs/03_navida_overfit/navida_overfit_20ep/closed_loop_all_linear_ep5_chunk3/run_20260711_213417/frames/episode_000/frame_003.jpg
0,7,data/scene_datasets/hm3d/example/00337-CFVBbU9Rsyb/CFVBbU9Rsyb.basis.glb,Navigate to the target location and stop when you reach it.,4,turn_right,True,"{""actions"":[{""action"":""turn_right"",""count"":3},{""action"":""move_forward"",""count"":1}]}
{""queued_action"":""turn_right"",""remaining"":1}",turn_right,turn_right,turn_right,2.248796224594116,52.14605252041906,0.0,False,0.24083688855171204,0.28120568096637727,1.3032181978225708,4,False,False,0.0,4,1.8454498052597046,-2.6005380153656006,-5.4513726234436035,0.0,-0.3199775815010071,0.0,0.9474251866340637,0.2568320333957672,1.1640855073928833,2.248796224594116,0.0,0.0,habitat_vln/outputs/03_navida_overfit/navida_overfit_20ep/closed_loop_all_linear_ep5_chunk3/run_20260711_213417/frames/episode_000/frame_004.jpg
0,7,data/scene_datasets/hm3d/example/00337-CFVBbU9Rsyb/CFVBbU9Rsyb.basis.glb,Navigate to the target location and stop when you reach it.,5,turn_right,True,"{""actions"":[{""action"":""turn_right"",""count"":3},{""action"":""move_forward"",""count"":1}]}
{""queued_action"":""turn_right"",""remaining"":0}",turn_right,turn_right,turn_right,2.248796224594116,42.14605110377886,0.0,False,0.2116345837712288,0.30409888327121737,1.298938238620758,5,False,False,0.0,5,1.8454498052597046,-2.6005380153656006,-5.4513726234436035,0.0,-0.4013335108757019,0.0,0.9159320592880249,0.22629007697105408,1.1567354202270508,2.248796224594116,0.0,0.0,habitat_vln/outputs/03_navida_overfit/navida_overfit_20ep/closed_loop_all_linear_ep5_chunk3/run_20260711_213417/frames/episode_000/frame_005.jpg
0,7,data/scene_datasets/hm3d/example/00337-CFVBbU9Rsyb/CFVBbU9Rsyb.basis.glb,Navigate to the target location and stop when you reach it.,6,move_forward,True,"{""actions"":[{""action"":""move_forward"",""count"":4},{""action"":""turn_right"",""count"":1}]}",move_forward,move_forward,turn_right,2.248796224594116,32.146053102233225,0.0,False,0.20498284697532654,0.34228989481925964,1.1784932613372803,6,False,False,0.0,6,1.8454498052597046,-2.6005380153656006,-5.4513726234436035,0.0,-0.47963500022888184,0.0,0.8774680495262146,0.223219133913517,1.2904709577560425,2.0414609909057617,0.0,0.0,habitat_vln/outputs/03_navida_overfit/navida_overfit_20ep/closed_loop_all_linear_ep5_chunk3/run_20260711_213417/frames/episode_000/frame_006.jpg
0,7,data/scene_datasets/hm3d/example/00337-CFVBbU9Rsyb/CFVBbU9Rsyb.basis.glb,Navigate to the target location and stop when you reach it.,7,move_forward,True,"{""actions"":[{""action"":""move_forward"",""count"":4},{""action"":""turn_right"",""count"":1}]}
{""queued_action"":""move_forward"",""remaining"":1}",move_forward,move_forward,move_forward,2.0414609909057617,35.88203680463596,-0.2073352336883545,False,0.09657902270555496,1.1335457563400269,1.2120985984802246,1,False,False,-0.2073352336883545,7,2.055881977081299,-2.6005380153656006,-5.586347579956055,0.0,-0.47963500022888184,0.0,0.8774680495262146,0.10509234666824341,1.4834306240081787,1.8025256395339966,0.0,0.0,habitat_vln/outputs/03_navida_overfit/navida_overfit_20ep/closed_loop_all_linear_ep5_chunk3/run_20260711_213417/frames/episode_000/frame_007.jpg
0,7,data/scene_datasets/hm3d/example/00337-CFVBbU9Rsyb/CFVBbU9Rsyb.basis.glb,Navigate to the target location and stop when you reach it.,8,move_forward,True,"{""actions"":[{""action"":""move_forward"",""count"":4},{""action"":""turn_right"",""count"":1}]}
{""queued_action"":""move_forward"",""remaining"":0}",move_forward,move_forward,move_forward,1.8025257587432861,38.420664439873406,-0.23893523216247559,False,0.4901619404554367,1.1219403743743896,1.0836108803749085,2,False,False,-0.23893523216247559,0,2.300673723220825,-2.6005380153656006,-5.652603626251221,0.0,-0.47963500022888184,0.0,0.8774680495262146,0.5317215919494629,1.780393362045288,1.6141520738601685,0.0,0.0,habitat_vln/outputs/03_navida_overfit/navida_overfit_20ep/closed_loop_all_linear_ep5_chunk3/run_20260711_213417/frames/episode_000/frame_008.jpg
0,7,data/scene_datasets/hm3d/example/00337-CFVBbU9Rsyb/CFVBbU9Rsyb.basis.glb,Navigate to the target location and stop when you reach it.,9,move_forward,True,"{""actions"":[{""action"":""move_forward"",""count"":4},{""action"":""turn_right"",""count"":1}]}",move_forward,move_forward,move_forward,1.6141520738601685,43.943767138609985,-0.18837368488311768,False,1.161635398864746,1.03160502910614,0.9435212433338165,3,False,False,-0.18837368488311768,0,2.511106014251709,-2.6005380153656006,-5.787578582763672,0.0,-0.47963500022888184,0.0,0.8774680495262146,0.9841147065162659,2.0367815494537354,1.4446018934249878,0.0,0.0,habitat_vln/outputs/03_navida_overfit/navida_overfit_20ep/closed_loop_all_linear_ep5_chunk3/run_20260711_213417/frames/episode_000/frame_009.jpg
0,7,data/scene_datasets/hm3d/example/00337-CFVBbU9Rsyb/CFVBbU9Rsyb.basis.glb,Navigate to the target location and stop when you reach it.,10,move_forward,True,"{""actions"":[{""action"":""move_forward"",""count"":4},{""action"":""turn_right"",""count"":1}]}
{""queued_action"":""move_forward"",""remaining"":1}",move_forward,move_forward,move_forward,1.4446018934249878,50.84128831346072,-0.16955018043518066,False,1.3687333464622498,0.7879810214042664,0.7894668042659759,4,False,False,-0.16955018043518066,0,2.7215383052825928,-2.6005380153656006,-5.922553539276123,0.0,-0.47963500022888184,0.0,0.8774680495262146,0.796429455280304,1.882004976272583,1.301254153251648,0.0,0.0,habitat_vln/outputs/03_navida_overfit/navida_overfit_20ep/closed_loop_all_linear_ep5_chunk3/run_20260711_213417/frames/episode_000/frame_010.jpg
0,7,data/scene_datasets/hm3d/example/00337-CFVBbU9Rsyb/CFVBbU9Rsyb.basis.glb,Navigate to the target location and stop when you reach it.,11,move_forward,True,"{""actions"":[{""action"":""move_forward"",""count"":4},{""action"":""turn_right"",""count"":1}]}
{""queued_action"":""move_forward"",""remaining"":0}",move_forward,move_forward,move_forward,1.301254153251648,59.40861657055572,-0.14334774017333984,False,1.368398368358612,0.5390114843845367,0.5440550565719604,5,False,False,-0.14334774017333984,0,2.9319705963134766,-2.6005380153656006,-6.057528495788574,0.0,-0.47963500022888184,0.0,0.8774680495262146,0.5470131039619446,1.5638240575790405,1.1935932636260986,0.0,0.0,habitat_vln/outputs/03_navida_overfit/navida_overfit_20ep/closed_loop_all_linear_ep5_chunk3/run_20260711_213417/frames/episode_000/frame_011.jpg
0,7,data/scene_datasets/hm3d/example/00337-CFVBbU9Rsyb/CFVBbU9Rsyb.basis.glb,Navigate to the target location and stop when you reach it.,12,turn_right,True,"{""actions"":[{""action"":""turn_right"",""count"":3},{""action"":""move_forward"",""count"":1}]}",turn_right,turn_right,move_forward,1.193587064743042,69.79589312823026,-0.10766708850860596,False,1.3680636882781982,0.28630921244621277,0.3401146292686462,6,False,False,-0.10766708850860596,0,3.1424028873443604,-2.6005380153656006,-6.192503452301025,0.0,-0.47963500022888184,0.0,0.8774680495262146,0.294230654835701,1.1775985956192017,1.1935932636260986,0.0,0.0,habitat_vln/outputs/03_navida_overfit/navida_overfit_20ep/closed_loop_all_linear_ep5_chunk3/run_20260711_213417/frames/episode_000/frame_012.jpg
0,7,data/scene_datasets/hm3d/example/00337-CFVBbU9Rsyb/CFVBbU9Rsyb.basis.glb,Navigate to the target location and stop when you reach it.,13,turn_right,True,"{""actions"":[{""action"":""turn_right"",""count"":3},{""action"":""move_forward"",""count"":1}]}
{""queued_action"":""turn_right"",""remaining"":1}",turn_right,turn_right,turn_right,1.193587064743042,59.79589512668463,0.0,False,0.3515491336584091,0.289161741733551,0.35756789445877074,1,False,False,0.0,0,3.1424028873443604,-2.6005380153656006,-6.192503452301025,0.0,-0.5542862415313721,0.0,0.8323261141777039,0.2968560755252838,0.9731540083885193,1.1935932636260986,0.0,0.0,habitat_vln/outputs/03_navida_overfit/navida_overfit_20ep/closed_loop_all_linear_ep5_chunk3/run_20260711_213417/frames/episode_000/frame_013.jpg
0,7,data/scene_datasets/hm3d/example/00337-CFVBbU9Rsyb/CFVBbU9Rsyb.basis.glb,Navigate to the target location and stop when you reach it.,14,turn_right,True,"{""actions"":[{""action"":""turn_right"",""count"":3},{""action"":""move_forward"",""count"":1}]}
{""queued_action"":""turn_right"",""remaining"":0}",turn_right,turn_right,turn_right,1.193587064743042,49.79589712513899,0.0,False,0.29236380755901337,0.28151985704898835,0.41134034693241117,2,False,False,0.0,1,3.1424028873443604,-2.6005380153656006,-6.192503452301025,0.0,-0.6247190237045288,0.0,0.7808496952056885,0.2867676466703415,0.9461646676063538,1.1935932636260986,0.0,0.0,habitat_vln/outputs/03_navida_overfit/navida_overfit_20ep/closed_loop_all_linear_ep5_chunk3/run_20260711_213417/frames/episode_000/frame_014.jpg
0,7,data/scene_datasets/hm3d/example/00337-CFVBbU9Rsyb/CFVBbU9Rsyb.basis.glb,Navigate to the target location and stop when you reach it.,15,turn_right,True,"{""actions"":[{""action"":""turn_right"",""count"":3},{""action"":""move_forward"",""count"":1}]}",turn_right,turn_right,turn_right,1.193587064743042,39.79589912359336,0.0,False,0.2626008540391922,0.2957508057355881,0.449536469578743,3,False,False,0.0,2,3.1424028873443604,-2.6005380153656006,-6.192503452301025,0.0,-0.6903972625732422,0.0,0.7234304547309875,0.26719559729099274,0.8819555044174194,1.1935932636260986,0.0,0.0,habitat_vln/outputs/03_navida_overfit/navida_overfit_20ep/closed_loop_all_linear_ep5_chunk3/run_20260711_213417/frames/episode_000/frame_015.jpg
0,7,data/scene_datasets/hm3d/example/00337-CFVBbU9Rsyb/CFVBbU9Rsyb.basis.glb,Navigate to the target location and stop when you reach it.,16,move_forward,False,"{""actions"":[{""action"":""turn_right"",""count"":3},{""action"":""move_forward"",""count"":1}]}
{""queued_action"":""turn_right"",""remaining"":1}
{""anti_stuck_override"": ""move_forward""}",turn_right,move_forward,turn_right,1.193587064743042,29.795901122047724,0.0,False,0.23348765820264816,0.45871393084526063,1.2655482292175293,4,False,False,0.0,3,3.1424028873443604,-2.6005380153656006,-6.192503452301025,0.0,-0.7508212327957153,0.0,0.6605055332183838,0.23508504033088684,0.975275993347168,1.0172450542449951,0.0,0.0,habitat_vln/outputs/03_navida_overfit/navida_overfit_20ep/closed_loop_all_linear_ep5_chunk3/run_20260711_213417/frames/episode_000/frame_016.jpg
0,7,data/scene_datasets/hm3d/example/00337-CFVBbU9Rsyb/CFVBbU9Rsyb.basis.glb,Navigate to the target location and stop when you reach it.,17,turn_right,True,"{""actions"":[{""action"":""turn_right"",""count"":3},{""action"":""move_forward"",""count"":1}]}",turn_right,turn_right,move_forward,0.9845060706138611,37.04498920895196,-0.2090809941291809,False,0.18795578926801682,0.21174322813749313,0.22160537987947465,1,False,False,-0.2090809941291809,4,3.3903636932373047,-2.6005380153656006,-6.160637378692627,0.0,-0.7508212327957153,0.0,0.6605055332183838,0.2033272385597229,0.5806975364685059,1.0172450542449951,0.0,0.0,habitat_vln/outputs/03_navida_overfit/navida_overfit_20ep/closed_loop_all_linear_ep5_chunk3/run_20260711_213417/frames/episode_000/frame_017.jpg
0,7,data/scene_datasets/hm3d/example/00337-CFVBbU9Rsyb/CFVBbU9Rsyb.basis.glb,Navigate to the target location and stop when you reach it.,18,turn_right,True,"{""actions"":[{""action"":""turn_right"",""count"":3},{""action"":""move_forward"",""count"":1}]}
{""queued_action"":""turn_right"",""remaining"":1}",turn_right,turn_right,turn_right,0.9845060706138611,27.044991207406326,0.0,False,0.18073567003011703,0.21400041431188582,1.127345037460327,1,False,False,0.0,0,3.3903636932373047,-2.6005380153656006,-6.160637378692627,0.0,-0.8055309653282166,0.0,0.5925537347793579,0.18699797987937927,0.7574846744537354,1.0172450542449951,0.0,0.0,habitat_vln/outputs/03_navida_overfit/navida_overfit_20ep/closed_loop_all_linear_ep5_chunk3/run_20260711_213417/frames/episode_000/frame_018.jpg
0,7,data/scene_datasets/hm3d/example/00337-CFVBbU9Rsyb/CFVBbU9Rsyb.basis.glb,Navigate to the target location and stop when you reach it.,19,turn_right,True,"{""actions"":[{""action"":""turn_right"",""count"":3},{""action"":""move_forward"",""count"":1}]}
{""queued_action"":""turn_right"",""remaining"":0}",turn_right,turn_right,turn_right,0.9845060706138611,17.044993205860692,0.0,False,0.16961364448070526,0.20994536578655243,0.7479010045528413,2,False,False,0.0,1,3.3903636932373047,-2.6005380153656006,-6.160637378692627,0.0,-0.8541101217269897,0.0,0.520092248916626,0.17810538411140442,0.8547921180725098,1.0172450542449951,0.0,0.0,habitat_vln/outputs/03_navida_overfit/navida_overfit_20ep/closed_loop_all_linear_ep5_chunk3/run_20260711_213417/frames/episode_000/frame_019.jpg
0,7,data/scene_datasets/hm3d/example/00337-CFVBbU9Rsyb/CFVBbU9Rsyb.basis.glb,Navigate to the target location and stop when you reach it.,20,move_forward,True,"{""actions"":[{""action"":""move_forward"",""count"":1},{""action"":""turn_right"",""count"":1},{""action"":""move_forward"",""count"":2}]}",move_forward,move_forward,turn_right,0.9845060706138611,7.044991362333661,0.0,True,0.1644880250096321,0.21369369626045226,0.7232987761497498,3,False,True,0.0,2,3.3903636932373047,-2.6005380153656006,-6.160637378692627,0.0,-0.8961890339851379,0.0,0.4436725378036499,0.17511074244976044,0.8763253092765808,0.8560455441474915,0.0,0.0,habitat_vln/outputs/03_navida_overfit/navida_overfit_20ep/closed_loop_all_linear_ep5_chunk3/run_20260711_213417/frames/episode_000/frame_020.jpg
0,7,data/scene_datasets/hm3d/example/00337-CFVBbU9Rsyb/CFVBbU9Rsyb.basis.glb,Navigate to the target location and stop when you reach it.,21,turn_right,True,"{""actions"":[{""action"":""move_forward"",""count"":1},{""action"":""turn_right"",""count"":1},{""action"":""move_forward"",""count"":2}]}
{""queued_action"":""turn_right"",""remaining"":1}",turn_right,turn_right,move_forward,0.835385262966156,2.665996149106178,-0.14912080764770508,False,0.10770536959171295,1.2657592296600342,0.6166537284851075,1,True,False,-0.14912080764770508,3,3.4541053771972656,-2.6005380153656006,-6.009059906005859,0.0,-0.8961890339851379,0.0,0.4436725378036499,0.11656142398715019,1.3223602771759033,0.8560455441474915,0.0,0.0,habitat_vln/outputs/03_navida_overfit/navida_overfit_20ep/closed_loop_all_linear_ep5_chunk3/run_20260711_213417/frames/episode_000/frame_021.jpg
0,7,data/scene_datasets/hm3d/example/00337-CFVBbU9Rsyb/CFVBbU9Rsyb.basis.glb,Navigate to the target location and stop when you reach it.,22,move_forward,True,"{""actions"":[{""action"":""move_forward"",""count"":1},{""action"":""turn_right"",""count"":1},{""action"":""move_forward"",""count"":2}]}
{""queued_action"":""move_forward"",""remaining"":0}",move_forward,move_forward,turn_right,0.835385262966156,-7.334002706213113,0.0,False,0.1137448288500309,1.2658069133758545,0.6514621496200561,1,False,False,0.0,0,3.4541053771972656,-2.6005380153656006,-6.009059906005859,0.0,-0.9314473867416382,0.0,0.36387622356414795,0.644900768995285,1.4162746667861938,0.5882968902587891,0.0,0.0,habitat_vln/outputs/03_navida_overfit/navida_overfit_20ep/closed_loop_all_linear_ep5_chunk3/run_20260711_213417/frames/episode_000/frame_022.jpg
0,7,data/scene_datasets/hm3d/example/00337-CFVBbU9Rsyb/CFVBbU9Rsyb.basis.glb,Navigate to the target location and stop when you reach it.,23,move_forward,True,"{""actions"":[{""action"":""move_forward"",""count"":1},{""action"":""turn_right"",""count"":2},{""action"":""move_forward"",""count"":1}]}",move_forward,move_forward,move_forward,0.5882968902587891,-10.443635863610893,-0.24708837270736694,False,1.2662272453308105,1.2662369012832642,0.470593523979187,1,False,False,-0.24708837270736694,1,3.6235711574554443,-2.6005380153656006,-5.825263023376465,0.0,-0.9314473867416382,0.0,0.36387622356414795,0.4843439608812332,1.5102479457855225,0.3454240560531616,0.0,0.0,habitat_vln/outputs/03_navida_overfit/navida_overfit_20ep/closed_loop_all_linear_ep5_chunk3/run_20260711_213417/frames/episode_000/frame_023.jpg
0,7,data/scene_datasets/hm3d/example/00337-CFVBbU9Rsyb/CFVBbU9Rsyb.basis.glb,Navigate to the target location and stop when you reach it.,24,turn_right,True,"{""actions"":[{""action"":""move_forward"",""count"":1},{""action"":""turn_right"",""count"":2},{""action"":""move_forward"",""count"":1}]}
{""queued_action"":""turn_right"",""remaining"":1}",turn_right,turn_right,move_forward,0.3454240560531616,-17.98211735810125,-0.24287283420562744,False,1.2666573524475098,1.2526700496673584,0.38243274092674256,2,False,False,-0.24287283420562744,0,3.793036937713623,-2.6005380153656006,-5.64146614074707,0.0,-0.9314473867416382,0.0,0.36387622356414795,1.150743842124939,1.5590747594833374,0.3454240560531616,0.0,0.0,habitat_vln/outputs/03_navida_overfit/navida_overfit_20ep/closed_loop_all_linear_ep5_chunk3/run_20260711_213417/frames/episode_000/frame_024.jpg
0,7,data/scene_datasets/hm3d/example/00337-CFVBbU9Rsyb/CFVBbU9Rsyb.basis.glb,Navigate to the target location and stop when you reach it.,25,turn_right,True,"{""actions"":[{""action"":""move_forward"",""count"":1},{""action"":""turn_right"",""count"":2},{""action"":""move_forward"",""count"":1}]}
{""queued_action"":""turn_right"",""remaining"":0}",turn_right,turn_right,turn_right,0.3454240560531616,-27.982117067194167,0.0,False,1.252974033355713,1.2254486560821534,0.32801573872566225,1,False,False,0.0,0,3.793036937713623,-2.6005380153656006,-5.64146614074707,0.0,-0.9596167802810669,0.0,0.2813105583190918,0.3623664379119873,1.4136676788330078,0.3454240560531616,0.0,0.0,habitat_vln/outputs/03_navida_overfit/navida_overfit_20ep/closed_loop_all_linear_ep5_chunk3/run_20260711_213417/frames/episode_000/frame_025.jpg
0,7,data/scene_datasets/hm3d/example/00337-CFVBbU9Rsyb/CFVBbU9Rsyb.basis.glb,Navigate to the target location and stop when you reach it.,26,move_forward,True,"{""actions"":[{""action"":""move_forward"",""count"":1},{""action"":""turn_right"",""count"":1},{""action"":""move_forward"",""count"":2}]}",move_forward,move_forward,turn_right,0.3454240560531616,-37.9821150687398,0.0,False,1.22586590051651,1.2350406646728516,0.3523024916648865,2,False,False,0.0,1,3.793036937713623,-2.6005380153656006,-5.64146614074707,0.0,-0.9804829955101013,0.0,0.19660398364067078,0.35666775703430176,1.285048484802246,0.21374210715293884,0.0,0.0,habitat_vln/outputs/03_navida_overfit/navida_overfit_20ep/closed_loop_all_linear_ep5_chunk3/run_20260711_213417/frames/episode_000/frame_026.jpg
0,7,data/scene_datasets/hm3d/example/00337-CFVBbU9Rsyb/CFVBbU9Rsyb.basis.glb,Navigate to the target location and stop when you reach it.,27,turn_right,True,"{""actions"":[{""action"":""move_forward"",""count"":1},{""action"":""turn_right"",""count"":1},{""action"":""move_forward"",""count"":2}]}
{""queued_action"":""turn_right"",""remaining"":1}",turn_right,turn_right,move_forward,0.21374210715293884,-84.02095052769738,-0.13168194890022278,False,1.1634035110473633,1.1393570184707642,0.21663064658641815,1,False,False,-0.13168194890022278,2,3.8894202709198,-2.6005380153656006,-5.410792827606201,0.0,-0.9804829955101013,0.0,0.19660398364067078,0.33648277819156647,1.2415826320648193,0.21374210715293884,0.0,0.0,habitat_vln/outputs/03_navida_overfit/navida_overfit_20ep/closed_loop_all_linear_ep5_chunk3/run_20260711_213417/frames/episode_000/frame_027.jpg
0,7,data/scene_datasets/hm3d/example/00337-CFVBbU9Rsyb/CFVBbU9Rsyb.basis.glb,Navigate to the target location and stop when you reach it.,28,move_forward,True,"{""actions"":[{""action"":""move_forward"",""count"":1},{""action"":""turn_right"",""count"":1},{""action"":""move_forward"",""count"":2}]}
{""queued_action"":""move_forward"",""remaining"":0}",move_forward,move_forward,turn_right,0.21374210715293884,-94.02094852924301,0.0,False,1.213409185409546,1.1225394487380982,0.19909545183181762,1,False,False,0.0,0,3.8894202709198,-2.6005380153656006,-5.410792827606201,0.0,-0.9938871264457703,0.0,0.11040113866329193,0.21370069682598114,1.092324137687683,0.3401172459125519,0.0,0.0,habitat_vln/outputs/03_navida_overfit/navida_overfit_20ep/closed_loop_all_linear_ep5_chunk3/run_20260711_213417/frames/episode_000/frame_028.jpg
0,7,data/scene_datasets/hm3d/example/00337-CFVBbU9Rsyb/CFVBbU9Rsyb.basis.glb,Navigate to the target location and stop when you reach it.,29,turn_right,True,"{""actions"":[{""action"":""turn_right"",""count"":1},{""action"":""move_forward"",""count"":2},{""action"":""stop"",""count"":1}]}",turn_right,turn_right,move_forward,0.3401172161102295,-141.17898561578806,0.12637510895729065,False,1.2403391003608704,1.1111255884170532,0.24877485930919646,1,False,False,0.12637510895729065,1,3.9442834854125977,-2.6005380153656006,-5.166886806488037,0.0,-0.9938871264457703,0.0,0.11040113866329193,0.30517929792404175,1.0129525661468506,0.3401172459125519,0.0,0.0,habitat_vln/outputs/03_navida_overfit/navida_overfit_20ep/closed_loop_all_linear_ep5_chunk3/run_20260711_213417/frames/episode_000/frame_029.jpg
0,7,data/scene_datasets/hm3d/example/00337-CFVBbU9Rsyb/CFVBbU9Rsyb.basis.glb,Navigate to the target location and stop when you reach it.,30,move_forward,True,"{""actions"":[{""action"":""turn_right"",""count"":1},{""action"":""move_forward"",""count"":2},{""action"":""stop"",""count"":1}]}
{""queued_action"":""move_forward"",""remaining"":1}",move_forward,move_forward,turn_right,0.3401172161102295,-151.1789836173337,0.0,False,1.1715232729911804,0.7658965289592743,0.1954265832901001,1,False,False,0.0,2,3.9442834854125977,-2.6005380153656006,-5.166886806488037,0.0,-0.999727189540863,0.0,0.023358061909675598,0.22939950227737427,0.8603922128677368,0.5719906091690063,0.0,0.0,habitat_vln/outputs/03_navida_overfit/navida_overfit_20ep/closed_loop_all_linear_ep5_chunk3/run_20260711_213417/frames/episode_000/frame_030.jpg
0,7,data/scene_datasets/hm3d/example/00337-CFVBbU9Rsyb/CFVBbU9Rsyb.basis.glb,Navigate to the target location and stop when you reach it.,31,move_forward,True,"{""actions"":[{""action"":""turn_right"",""count"":1},{""action"":""move_forward"",""count"":2},{""action"":""stop"",""count"":1}]}
{""queued_action"":""move_forward"",""remaining"":0}",move_forward,move_forward,move_forward,0.5719906091690063,-163.34240305734585,0.23187339305877686,True,0.9319345653057098,0.8031903862953186,0.20493775308132173,1,False,True,0.23187339305877686,3,3.9559593200683594,-2.6005380153656006,-4.917159557342529,0.0,-0.999727189540863,0.0,0.023358061909675598,0.24059945344924927,0.7223915457725525,0.808985710144043,0.0,0.0,habitat_vln/outputs/03_navida_overfit/navida_overfit_20ep/closed_loop_all_linear_ep5_chunk3/run_20260711_213417/frames/episode_000/frame_031.jpg
0,7,data/scene_datasets/hm3d/example/00337-CFVBbU9Rsyb/CFVBbU9Rsyb.basis.glb,Navigate to the target location and stop when you reach it.,32,turn_right,True,"{""actions"":[{""action"":""turn_right"",""count"":3},{""action"":""move_forward"",""count"":1}]}",turn_right,turn_right,move_forward,0.8089857697486877,-169.75056849892184,0.2369951605796814,False,0.6831057369709015,0.664213341474533,0.2366706296801567,2,True,False,0.2369951605796814,4,3.9875402450561523,-2.6005380153656006,-4.670275688171387,0.0,-0.999727189540863,0.0,0.023358061909675598,0.27781933546066284,0.5815116167068481,0.808985710144043,0.0,0.0,habitat_vln/outputs/03_navida_overfit/navida_overfit_20ep/closed_loop_all_linear_ep5_chunk3/run_20260711_213417/frames/episode_000/frame_032.jpg
0,7,data/scene_datasets/hm3d/example/00337-CFVBbU9Rsyb/CFVBbU9Rsyb.basis.glb,Navigate to the target location and stop when you reach it.,33,turn_right,True,"{""actions"":[{""action"":""turn_right"",""count"":3},{""action"":""move_forward"",""count"":1}]}
{""queued_action"":""turn_right"",""remaining"":1}",turn_right,turn_right,turn_right,0.808985710144043,-179.7505801608458,-5.960464477539063e-08,False,0.6038016676902771,0.5306794703006744,0.19987248927354812,1,False,False,-5.960464477539063e-08,5,3.9875404834747314,-2.6005380153656006,-4.670275688171387,0.0,-0.9979587197303772,0.0,-0.06386278569698334,0.22816748917102814,0.5190043449401855,0.808985710144043,0.0,0.0,habitat_vln/outputs/03_navida_overfit/navida_overfit_20ep/closed_loop_all_linear_ep5_chunk3/run_20260711_213417/frames/episode_000/frame_033.jpg
0,7,data/scene_datasets/hm3d/example/00337-CFVBbU9Rsyb/CFVBbU9Rsyb.basis.glb,Navigate to the target location and stop when you reach it.,34,turn_right,True,"{""actions"":[{""action"":""turn_right"",""count"":3},{""action"":""move_forward"",""count"":1}]}
{""queued_action"":""turn_right"",""remaining"":0}",turn_right,turn_right,turn_right,0.808985710144043,170.24941819514288,0.0,False,0.5478588938713074,0.3794892817735672,0.17763006538152695,2,False,False,0.0,6,3.9875404834747314,-2.6005380153656006,-4.670275688171387,0.0,-0.988595187664032,0.0,-0.15059760212898254,0.19866624474525452,0.4660918712615967,0.808985710144043,0.0,0.0,habitat_vln/outputs/03_navida_overfit/navida_overfit_20ep/closed_loop_all_linear_ep5_chunk3/run_20260711_213417/frames/episode_000/frame_034.jpg
0,7,data/scene_datasets/hm3d/example/00337-CFVBbU9Rsyb/CFVBbU9Rsyb.basis.glb,Navigate to the target location and stop when you reach it.,35,move_forward,True,"{""actions"":[{""action"":""move_forward"",""count"":1},{""action"":""turn_right"",""count"":2},{""action"":""move_forward"",""count"":1}]}",move_forward,move_forward,turn_right,0.808985710144043,160.2494201935973,0.0,True,0.5192524492740631,0.30260061025619506,0.16434058547019958,3,False,True,0.0,7,3.9875404834747314,-2.6005380153656006,-4.670275688171387,0.0,-0.9717078804969788,0.0,-0.23618626594543457,0.1807756870985031,0.4192086458206177,0.9222922921180725,0.0,0.0,habitat_vln/outputs/03_navida_overfit/navida_overfit_20ep/closed_loop_all_linear_ep5_chunk3/run_20260711_213417/frames/episode_000/frame_035.jpg
0,7,data/scene_datasets/hm3d/example/00337-CFVBbU9Rsyb/CFVBbU9Rsyb.basis.glb,Navigate to the target location and stop when you reach it.,36,turn_right,True,"{""actions"":[{""action"":""move_forward"",""count"":1},{""action"":""turn_right"",""count"":2},{""action"":""move_forward"",""count"":1}]}
{""queued_action"":""turn_right"",""remaining"":1}",turn_right,turn_right,move_forward,0.9222922921180725,158.2796346181006,0.11330658197402954,False,0.4318758696317673,0.324084010720253,0.17603275775909424,1,True,False,0.11330658197402954,8,4.004105567932129,-2.6005380153656006,-4.554319858551025,0.0,-0.9717078804969788,0.0,-0.23618626594543457,0.19363664090633392,0.38779059052467346,0.9222922921180725,0.0,0.0,habitat_vln/outputs/03_navida_overfit/navida_overfit_20ep/closed_loop_all_linear_ep5_chunk3/run_20260711_213417/frames/episode_000/frame_036.jpg
0,7,data/scene_datasets/hm3d/example/00337-CFVBbU9Rsyb/CFVBbU9Rsyb.basis.glb,Navigate to the target location and stop when you reach it.,37,turn_right,True,"{""actions"":[{""action"":""move_forward"",""count"":1},{""action"":""turn_right"",""count"":2},{""action"":""move_forward"",""count"":1}]}
{""queued_action"":""turn_right"",""remaining"":0}",turn_right,turn_right,turn_right,0.9222922921180725,148.27963661655497,0.0,False,0.41584378480911255,0.27646089494228365,0.16854594349861146,1,False,False,0.0,9,4.004105567932129,-2.6005380153656006,-4.554319858551025,0.0,-0.9474252462387085,0.0,-0.31997743248939514,0.1827281266450882,0.35581955313682556,0.9222922921180725,0.0,0.0,habitat_vln/outputs/03_navida_overfit/navida_overfit_20ep/closed_loop_all_linear_ep5_chunk3/run_20260711_213417/frames/episode_000/frame_037.jpg
0,7,data/scene_datasets/hm3d/example/00337-CFVBbU9Rsyb/CFVBbU9Rsyb.basis.glb,Navigate to the target location and stop when you reach it.,38,turn_right,True,"{""actions"":[{""action"":""turn_right"",""count"":3},{""action"":""move_forward"",""count"":1}]}",turn_right,turn_right,turn_right,0.9222922921180725,138.279624954631,0.0,False,0.41221821308135986,0.24759927093982698,0.16652006804943084,2,False,False,0.0,10,4.004105567932129,-2.6005380153656006,-4.554319858551025,0.0,-0.9159321188926697,0.0,-0.40133339166641235,0.17810557782649994,0.32542696595191956,0.9222922921180725,0.0,0.0,habitat_vln/outputs/03_navida_overfit/navida_overfit_20ep/closed_loop_all_linear_ep5_chunk3/run_20260711_213417/frames/episode_000/frame_038.jpg
0,7,data/scene_datasets/hm3d/example/00337-CFVBbU9Rsyb/CFVBbU9Rsyb.basis.glb,Navigate to the target location and stop when you reach it.,39,turn_right,True,"{""actions"":[{""action"":""turn_right"",""count"":3},{""action"":""move_forward"",""count"":1}]}
{""queued_action"":""turn_right"",""remaining"":1}",turn_right,turn_right,turn_right,0.9222922921180725,128.27962695308537,0.0,False,0.3591964691877365,0.2305239737033844,0.16963858604431153,3,False,False,0.0,11,4.004105567932129,-2.6005380153656006,-4.554319858551025,0.0,-0.8774681091308594,0.0,-0.4796348810195923,0.17902980744838715,0.2944764196872711,0.9222922921180725,0.0,0.0,habitat_vln/outputs/03_navida_overfit/navida_overfit_20ep/closed_loop_all_linear_ep5_chunk3/run_20260711_213417/frames/episode_000/frame_039.jpg
0,7,data/scene_datasets/hm3d/example/00337-CFVBbU9Rsyb/CFVBbU9Rsyb.basis.glb,Navigate to the target location and stop when you reach it.,40,turn_right,True,"{""actions"":[{""action"":""turn_right"",""count"":3},{""action"":""move_forward"",""count"":1}]}
{""queued_action"":""turn_right"",""remaining"":0}",turn_right,turn_right,turn_right,0.9222922921180725,118.27962895153973,0.0,False,0.29347895085811615,0.22196012288331984,0.17840006500482558,4,False,False,0.0,12,4.004105567932129,-2.6005380153656006,-4.554319858551025,0.0,-0.8323262333869934,0.0,-0.5542861819267273,0.18562667071819305,0.2602839469909668,0.9222922921180725,0.0,0.0,habitat_vln/outputs/03_navida_overfit/navida_overfit_20ep/closed_loop_all_linear_ep5_chunk3/run_20260711_213417/frames/episode_000/frame_040.jpg
0,7,data/scene_datasets/hm3d/example/00337-CFVBbU9Rsyb/CFVBbU9Rsyb.basis.glb,Navigate to the target location and stop when you reach it.,41,turn_right,True,"{""actions"":[{""action"":""turn_right"",""count"":1},{""action"":""move_forward"",""count"":2},{""action"":""stop"",""count"":1}]}",turn_right,turn_right,turn_right,0.9222922921180725,108.27963094999416,0.0,False,0.25463123619556427,0.2204599693417549,0.19433579295873643,5,False,False,0.0,13,4.004105567932129,-2.6005380153656006,-4.554319858551025,0.0,-0.7808496952056885,0.0,-0.6247189044952393,0.19902268797159195,0.23634350299835205,0.9222922921180725,0.0,0.0,habitat_vln/outputs/03_navida_overfit/navida_overfit_20ep/closed_loop_all_linear_ep5_chunk3/run_20260711_213417/frames/episode_000/frame_041.jpg
0,7,data/scene_datasets/hm3d/example/00337-CFVBbU9Rsyb/CFVBbU9Rsyb.basis.glb,Navigate to the target location and stop when you reach it.,42,move_forward,True,"{""actions"":[{""action"":""turn_right"",""count"":1},{""action"":""move_forward"",""count"":2},{""action"":""stop"",""count"":1}]}
{""queued_action"":""move_forward"",""remaining"":1}",move_forward,move_forward,turn_right,0.9222922921180725,98.27963294844847,0.0,True,0.23049625754356384,0.22526870667934418,0.2202606052160263,6,False,True,0.0,14,4.004105567932129,-2.6005380153656006,-4.554319858551025,0.0,-0.7234305143356323,0.0,-0.6903972029685974,0.22170840948820114,0.2279336154460907,0.8992308974266052,0.0,0.0,habitat_vln/outputs/03_navida_overfit/navida_overfit_20ep/closed_loop_all_linear_ep5_chunk3/run_20260711_213417/frames/episode_000/frame_042.jpg
0,7,data/scene_datasets/hm3d/example/00337-CFVBbU9Rsyb/CFVBbU9Rsyb.basis.glb,Navigate to the target location and stop when you reach it.,43,move_forward,True,"{""actions"":[{""action"":""turn_right"",""count"":1},{""action"":""move_forward"",""count"":2},{""action"":""stop"",""count"":1}]}
{""queued_action"":""move_forward"",""remaining"":0}",move_forward,move_forward,move_forward,0.8992308378219604,98.63899652143954,-0.02306145429611206,True,0.2273908331990242,0.22223377227783203,0.21729320287704468,1,True,True,-0.02306145429611206,15,4.00074577331543,-2.6005380153656006,-4.577839374542236,0.0,-0.7234305143356323,0.0,-0.6903972029685974,0.21872138231992722,0.22486427426338196,0.876206636428833,0.0,0.0,habitat_vln/outputs/03_navida_overfit/navida_overfit_20ep/closed_loop_all_linear_ep5_chunk3/run_20260711_213417/frames/episode_000/frame_043.jpg
0,7,data/scene_datasets/hm3d/example/00337-CFVBbU9Rsyb/CFVBbU9Rsyb.basis.glb,Navigate to the target location and stop when you reach it.,44,move_forward,True,"{""actions"":[{""action"":""move_forward"",""count"":1},{""action"":""turn_right"",""count"":1},{""action"":""move_forward"",""count"":2}]}",move_forward,move_forward,move_forward,0.8762066960334778,99.01727288824236,-0.023024141788482666,True,0.2242850437760353,0.21919843703508377,0.21432528048753738,2,True,True,-0.023024141788482666,16,3.9973857402801514,-2.6005380153656006,-4.601358890533447,0.0,-0.7234305143356323,0.0,-0.6903972029685974,0.21573413908481598,0.22179420292377472,0.8532227277755737,0.0,0.0,habitat_vln/outputs/03_navida_overfit/navida_overfit_20ep/closed_loop_all_linear_ep5_chunk3/run_20260711_213417/frames/episode_000/frame_044.jpg
0,7,data/scene_datasets/hm3d/example/00337-CFVBbU9Rsyb/CFVBbU9Rsyb.basis.glb,Navigate to the target location and stop when you reach it.,45,turn_right,True,"{""actions"":[{""action"":""move_forward"",""count"":1},{""action"":""turn_right"",""count"":1},{""action"":""move_forward"",""count"":2}]}
{""queued_action"":""turn_right"",""remaining"":1}",turn_right,turn_right,move_forward,0.8532227277755737,99.41595103009604,-0.022983968257904053,False,0.22117865085601807,0.21616244316101074,0.21135688126087188,3,True,False,-0.022983968257904053,17,3.994025707244873,-2.6005380153656006,-4.624878406524658,0.0,-0.7234305143356323,0.0,-0.6903972029685974,0.21274613589048386,0.21872305870056152,0.8532227277755737,0.0,0.0,habitat_vln/outputs/03_navida_overfit/navida_overfit_20ep/closed_loop_all_linear_ep5_chunk3/run_20260711_213417/frames/episode_000/frame_045.jpg
0,7,data/scene_datasets/hm3d/example/00337-CFVBbU9Rsyb/CFVBbU9Rsyb.basis.glb,Navigate to the target location and stop when you reach it.,46,move_forward,True,"{""actions"":[{""action"":""move_forward"",""count"":1},{""action"":""turn_right"",""count"":1},{""action"":""move_forward"",""count"":2}]}
{""queued_action"":""move_forward"",""remaining"":0}",move_forward,move_forward,turn_right,0.8532227277755737,89.41594619836121,0.0,True,0.19497014582157135,0.2125033289194107,0.2337794616818428,1,False,True,0.0,18,3.994025707244873,-2.6005380153656006,-4.624878406524658,0.0,-0.6605055928230286,0.0,-0.7508211731910706,0.19828223437070847,0.22215908765792847,0.7890257239341736,0.0,0.0,habitat_vln/outputs/03_navida_overfit/navida_overfit_20ep/closed_loop_all_linear_ep5_chunk3/run_20260711_213417/frames/episode_000/frame_046.jpg
0,7,data/scene_datasets/hm3d/example/00337-CFVBbU9Rsyb/CFVBbU9Rsyb.basis.glb,Navigate to the target location and stop when you reach it.,47,turn_right,True,"{""actions"":[{""action"":""turn_right"",""count"":3},{""action"":""move_forward"",""count"":1}]}",turn_right,turn_right,move_forward,0.7890257239341736,90.6573125894435,-0.06419700384140015,False,0.1872946321964264,0.20413680970668793,0.22457530498504638,1,True,False,-0.06419700384140015,19,3.984605312347412,-2.6005380153656006,-4.690821647644043,0.0,-0.6605055928230286,0.0,-0.7508211731910706,0.19047558307647705,0.21341565251350403,0.7890257239341736,0.0,0.0,habitat_vln/outputs/03_navida_overfit/navida_overfit_20ep/closed_loop_all_linear_ep5_chunk3/run_20260711_213417/frames/episode_000/frame_047.jpg
0,7,data/scene_datasets/hm3d/example/00337-CFVBbU9Rsyb/CFVBbU9Rsyb.basis.glb,Navigate to the target location and stop when you reach it.,48,turn_right,True,"{""actions"":[{""action"":""turn_right"",""count"":3},{""action"":""move_forward"",""count"":1}]}
{""queued_action"":""turn_right"",""remaining"":1}",turn_right,turn_right,turn_right,0.7890257239341736,80.65731458789787,0.0,False,0.16927692294120789,0.20276934057474136,0.25354599952697754,1,False,False,0.0,0,3.984605312347412,-2.6005380153656006,-4.690821647644043,0.0,-0.5925537943840027,0.0,-0.8055309057235718,0.17513256520032883,0.2284787893295288,0.7890257239341736,0.0,0.0,habitat_vln/outputs/03_navida_overfit/navida_overfit_20ep/closed_loop_all_linear_ep5_chunk3/run_20260711_213417/frames/episode_000/frame_048.jpg
0,7,data/scene_datasets/hm3d/example/00337-CFVBbU9Rsyb/CFVBbU9Rsyb.basis.glb,Navigate to the target location and stop when you reach it.,49,turn_right,True,"{""actions"":[{""action"":""turn_right"",""count"":3},{""action"":""move_forward"",""count"":1}]}
{""queued_action"":""turn_right"",""remaining"":0}",turn_right,turn_right,turn_right,0.7890257239341736,70.65731658635224,0.0,False,0.15882840007543564,0.20768550485372544,0.3016484260559082,2,False,False,0.0,1,3.984605312347412,-2.6005380153656006,-4.690821647644043,0.0,-0.5200923085212708,0.0,-0.854110062122345,0.1667715534567833,0.39204949140548706,0.7890257239341736,0.0,0.0,habitat_vln/outputs/03_navida_overfit/navida_overfit_20ep/closed_loop_all_linear_ep5_chunk3/run_20260711_213417/frames/episode_000/frame_049.jpg
0,7,data/scene_datasets/hm3d/example/00337-CFVBbU9Rsyb/CFVBbU9Rsyb.basis.glb,Navigate to the target location and stop when you reach it.,50,turn_right,True,"{""actions"":[{""action"":""turn_right"",""count"":5}]}",turn_right,turn_right,turn_right,0.7890257239341736,60.65731175461747,0.0,False,0.15398354083299637,0.21969660967588425,0.3852767378091812,3,False,False,0.0,2,3.984605312347412,-2.6005380153656006,-4.690821647644043,0.0,-0.4436725974082947,0.0,-0.8961889743804932,0.16390525549650192,0.48598313331604004,0.7890257239341736,0.0,0.0,habitat_vln/outputs/03_navida_overfit/navida_overfit_20ep/closed_loop_all_linear_ep5_chunk3/run_20260711_213417/frames/episode_000/frame_050.jpg
0,7,data/scene_datasets/hm3d/example/00337-CFVBbU9Rsyb/CFVBbU9Rsyb.basis.glb,Navigate to the target location and stop when you reach it.,51,turn_right,True,"{""actions"":[{""action"":""turn_right"",""count"":5}]}
{""queued_action"":""turn_right"",""remaining"":1}",turn_right,turn_right,turn_right,0.7890257239341736,50.65731375307183,0.0,False,0.15399400889873505,0.24093964248895644,0.9874323785305024,4,False,False,0.0,3,3.984605312347412,-2.6005380153656006,-4.690821647644043,0.0,-0.36387625336647034,0.0,-0.9314472675323486,0.16613106429576874,0.6093763709068298,0.7890257239341736,0.0,0.0,habitat_vln/outputs/03_navida_overfit/navida_overfit_20ep/closed_loop_all_linear_ep5_chunk3/run_20260711_213417/frames/episode_000/frame_051.jpg
0,7,data/scene_datasets/hm3d/example/00337-CFVBbU9Rsyb/CFVBbU9Rsyb.basis.glb,Navigate to the target location and stop when you reach it.,52,turn_right,True,"{""actions"":[{""action"":""turn_right"",""count"":5}]}
{""queued_action"":""turn_right"",""remaining"":0}",turn_right,turn_right,turn_right,0.7890257239341736,40.65731233643163,0.0,False,0.15882433205842972,0.2760349750518799,1.0865463256835937,5,False,False,0.0,4,3.984605312347412,-2.6005380153656006,-4.690821647644043,0.0,-0.2813106179237366,0.0,-0.9596167802810669,0.17376284301280975,0.7294719219207764,0.7890257239341736,0.0,0.0,habitat_vln/outputs/03_navida_overfit/navida_overfit_20ep/closed_loop_all_linear_ep5_chunk3/run_20260711_213417/frames/episode_000/frame_052.jpg
0,7,data/scene_datasets/hm3d/example/00337-CFVBbU9Rsyb/CFVBbU9Rsyb.basis.glb,Navigate to the target location and stop when you reach it.,53,turn_right,True,"{""actions"":[{""action"":""turn_right"",""count"":7}]}",turn_right,turn_right,turn_right,0.7890257239341736,30.657314334885996,0.0,False,0.16927531361579895,0.3350417822599411,1.0840645790100099,6,False,False,0.0,5,3.984605312347412,-2.6005380153656006,-4.690821647644043,0.0,-0.19660404324531555,0.0,-0.9804829955101013,0.18811827898025513,0.8513186573982239,0.7890257239341736,0.0,0.0,habitat_vln/outputs/03_navida_overfit/navida_overfit_20ep/closed_loop_all_linear_ep5_chunk3/run_20260711_213417/frames/episode_000/frame_053.jpg
0,7,data/scene_datasets/hm3d/example/00337-CFVBbU9Rsyb/CFVBbU9Rsyb.basis.glb,Navigate to the target location and stop when you reach it.,54,move_forward,False,"{""actions"":[{""action"":""turn_right"",""count"":7}]}
{""queued_action"":""turn_right"",""remaining"":1}
{""anti_stuck_override"": ""move_forward""}",turn_right,move_forward,turn_right,0.7890257239341736,20.65731633334036,0.0,True,0.18729253858327866,0.415969780087471,1.1156206965446471,7,False,True,0.0,6,3.984605312347412,-2.6005380153656006,-4.690821647644043,0.0,-0.1104011982679367,0.0,-0.9938871264457703,0.21208684146404266,1.0060689449310303,0.5539329648017883,0.0,0.0,habitat_vln/outputs/03_navida_overfit/navida_overfit_20ep/closed_loop_all_linear_ep5_chunk3/run_20260711_213417/frames/episode_000/frame_054.jpg
0,7,data/scene_datasets/hm3d/example/00337-CFVBbU9Rsyb/CFVBbU9Rsyb.basis.glb,Navigate to the target location and stop when you reach it.,55,turn_right,True,"{""actions"":[{""action"":""turn_right"",""count"":1},{""action"":""move_forward"",""count"":2},{""action"":""stop"",""count"":1}]}",turn_right,turn_right,move_forward,0.5539329648017883,27.829009839211864,-0.23509275913238525,False,0.15371549129486084,1.0725369691848754,0.9786321103572846,1,True,False,-0.23509275913238525,7,3.9493610858917236,-2.6005380153656006,-4.937530517578125,0.0,-0.1104011982679367,0.0,-0.9938871264457703,0.16688401997089386,1.0956180095672607,0.5539329648017883,0.0,0.0,habitat_vln/outputs/03_navida_overfit/navida_overfit_20ep/closed_loop_all_linear_ep5_chunk3/run_20260711_213417/frames/episode_000/frame_055.jpg
0,7,data/scene_datasets/hm3d/example/00337-CFVBbU9Rsyb/CFVBbU9Rsyb.basis.glb,Navigate to the target location and stop when you reach it.,56,move_forward,True,"{""actions"":[{""action"":""turn_right"",""count"":1},{""action"":""move_forward"",""count"":2},{""action"":""stop"",""count"":1}]}
{""queued_action"":""move_forward"",""remaining"":1}",move_forward,move_forward,turn_right,0.5539329648017883,17.829011837666258,0.0,False,0.16512709856033325,1.0537618279457093,1.0266929984092712,1,False,False,0.0,0,3.9493610858917236,-2.6005380153656006,-4.937530517578125,0.0,-0.023358121514320374,0.0,-0.999727189540863,0.1886359602212906,1.2858304977416992,0.32507944107055664,0.0,0.0,habitat_vln/outputs/03_navida_overfit/navida_overfit_20ep/closed_loop_all_linear_ep5_chunk3/run_20260711_213417/frames/episode_000/frame_056.jpg
0,7,data/scene_datasets/hm3d/example/00337-CFVBbU9Rsyb/CFVBbU9Rsyb.basis.glb,Navigate to the target location and stop when you reach it.,57,move_forward,True,"{""actions"":[{""action"":""turn_right"",""count"":1},{""action"":""move_forward"",""count"":2},{""action"":""stop"",""count"":1}]}
{""queued_action"":""move_forward"",""remaining"":0}",move_forward,move_forward,move_forward,0.32507944107055664,31.447953127544565,-0.2288535237312317,False,1.128464162349701,0.8076829791069031,0.8406720817089081,1,False,False,-0.2288535237312317,1,3.937685251235962,-2.6005380153656006,-5.187257766723633,0.0,-0.023358121514320374,0.0,-0.999727189540863,0.8187305331230164,1.2892457246780396,0.1717895269393921,0.0,0.0,habitat_vln/outputs/03_navida_overfit/navida_overfit_20ep/closed_loop_all_linear_ep5_chunk3/run_20260711_213417/frames/episode_000/frame_057.jpg
0,7,data/scene_datasets/hm3d/example/00337-CFVBbU9Rsyb/CFVBbU9Rsyb.basis.glb,Navigate to the target location and stop when you reach it.,58,move_forward,True,"{""actions"":[{""action"":""move_forward"",""count"":7}]}",move_forward,move_forward,move_forward,0.1717895269393921,80.84594392220612,-0.15328991413116455,False,0.5569052994251251,0.5834745228290558,0.6931076347827911,2,False,False,-0.15328991413116455,0,3.9260094165802,-2.6005380153656006,-5.436985015869141,0.0,-0.023358121514320374,0.0,-0.999727189540863,0.5728220343589783,1.0092756748199463,0.2799047827720642,0.0,0.0,habitat_vln/outputs/03_navida_overfit/navida_overfit_20ep/closed_loop_all_linear_ep5_chunk3/run_20260711_213417/frames/episode_000/frame_058.jpg
0,7,data/scene_datasets/hm3d/example/00337-CFVBbU9Rsyb/CFVBbU9Rsyb.basis.glb,Navigate to the target location and stop when you reach it.,59,move_forward,True,"{""actions"":[{""action"":""move_forward"",""count"":7}]}
{""queued_action"":""move_forward"",""remaining"":1}",move_forward,move_forward,move_forward,0.2799047827720642,142.70449470653205,0.10811525583267212,False,0.30400942265987396,0.43554610311985015,0.4399806261062622,3,False,False,0.10811525583267212,0,3.9143335819244385,-2.6005380153656006,-5.686712265014648,0.0,-0.023358121514320374,0.0,-0.999727189540863,0.311379075050354,0.5188785791397095,0.5021770000457764,0.0,0.0,habitat_vln/outputs/03_navida_overfit/navida_overfit_20ep/closed_loop_all_linear_ep5_chunk3/run_20260711_213417/frames/episode_000/frame_059.jpg
0,7,data/scene_datasets/hm3d/example/00337-CFVBbU9Rsyb/CFVBbU9Rsyb.basis.glb,Navigate to the target location and stop when you reach it.,60,move_forward,True,"{""actions"":[{""action"":""move_forward"",""count"":7}]}
{""queued_action"":""move_forward"",""remaining"":0}",move_forward,move_forward,move_forward,0.5021770596504211,160.26120910010468,0.22227227687835693,True,0.11828950420022011,0.23491608053445817,0.19602200835943223,4,False,True,0.22227227687835693,1,3.9026577472686768,-2.6005380153656006,-5.936439514160156,0.0,-0.023358121514320374,0.0,-0.999727189540863,0.15135473757982254,0.2594321072101593,0.5650324821472168,0.0,0.0,habitat_vln/outputs/03_navida_overfit/navida_overfit_20ep/closed_loop_all_linear_ep5_chunk3/run_20260711_213417/frames/episode_000/frame_060.jpg
0,7,data/scene_datasets/hm3d/example/00337-CFVBbU9Rsyb/CFVBbU9Rsyb.basis.glb,Navigate to the target location and stop when you reach it.,61,turn_right,True,"{""actions"":[{""action"":""turn_right"",""count"":3},{""action"":""move_forward"",""count"":1}]}",turn_right,turn_right,move_forward,0.5650324821472168,163.0226955626759,0.06285542249679565,False,0.15113596618175507,0.17536785155534745,0.13795779794454574,5,True,False,0.06285542249679565,2,3.9041051864624023,-2.6005380153656006,-6.004319667816162,0.0,-0.023358121514320374,0.0,-0.999727189540863,0.14588281512260437,0.22267933189868927,0.5650324821472168,0.0,0.0,habitat_vln/outputs/03_navida_overfit/navida_overfit_20ep/closed_loop_all_linear_ep5_chunk3/run_20260711_213417/frames/episode_000/frame_061.jpg
0,7,data/scene_datasets/hm3d/example/00337-CFVBbU9Rsyb/CFVBbU9Rsyb.basis.glb,Navigate to the target location and stop when you reach it.,62,turn_right,True,"{""actions"":[{""action"":""turn_right"",""count"":3},{""action"":""move_forward"",""count"":1}]}
{""queued_action"":""turn_right"",""remaining"":1}",turn_right,turn_right,turn_right,0.5650324821472168,153.02269756113026,0.0,False,0.18636475503444672,0.16456944942474366,0.15149615406990052,1,False,False,0.0,3,3.9041051864624023,-2.6005380153656006,-6.004319667816162,0.0,0.06386272609233856,0.0,-0.9979587197303772,0.15849071741104126,0.230216845870018,0.5650324821472168,0.0,0.0,habitat_vln/outputs/03_navida_overfit/navida_overfit_20ep/closed_loop_all_linear_ep5_chunk3/run_20260711_213417/frames/episode_000/frame_062.jpg
0,7,data/scene_datasets/hm3d/example/00337-CFVBbU9Rsyb/CFVBbU9Rsyb.basis.glb,Navigate to the target location and stop when you reach it.,63,turn_right,True,"{""actions"":[{""action"":""turn_right"",""count"":3},{""action"":""move_forward"",""count"":1}]}
{""queued_action"":""turn_right"",""remaining"":0}",turn_right,turn_right,turn_right,0.5650324821472168,143.02269955958462,0.0,False,0.23632365465164185,0.16387117356061937,0.16987044215202332,2,False,False,0.0,4,3.9041051864624023,-2.6005380153656006,-6.004319667816162,0.0,0.15059754252433777,0.0,-0.988595187664032,0.16904404014348984,0.23577861487865448,0.5650324821472168,0.0,0.0,habitat_vln/outputs/03_navida_overfit/navida_overfit_20ep/closed_loop_all_linear_ep5_chunk3/run_20260711_213417/frames/episode_000/frame_063.jpg
0,7,data/scene_datasets/hm3d/example/00337-CFVBbU9Rsyb/CFVBbU9Rsyb.basis.glb,Navigate to the target location and stop when you reach it.,64,turn_right,True,"{""actions"":[{""action"":""turn_right"",""count"":3},{""action"":""move_forward"",""count"":1}]}",turn_right,turn_right,turn_right,0.5650324821472168,133.022701558039,0.0,False,0.18250282108783722,0.16333585679531099,0.2044391840696335,3,False,False,0.0,5,3.9041051864624023,-2.6005380153656006,-6.004319667816162,0.0,0.2361862063407898,0.0,-0.9717078804969788,0.1705237776041031,0.26604828238487244,0.5650324821472168,0.0,0.0,habitat_vln/outputs/03_navida_overfit/navida_overfit_20ep/closed_loop_all_linear_ep5_chunk3/run_20260711_213417/frames/episode_000/frame_064.jpg
0,7,data/scene_datasets/hm3d/example/00337-CFVBbU9Rsyb/CFVBbU9Rsyb.basis.glb,Navigate to the target location and stop when you reach it.,65,turn_right,True,"{""actions"":[{""action"":""turn_right"",""count"":3},{""action"":""move_forward"",""count"":1}]}
{""queued_action"":""turn_right"",""remaining"":1}",turn_right,turn_right,turn_right,0.5650324821472168,123.02270355649335,0.0,False,0.1562788337469101,0.1636052891612053,0.27008875012397765,4,False,False,0.0,6,3.9041051864624023,-2.6005380153656006,-6.004319667816162,0.0,0.31997737288475037,0.0,-0.9474252462387085,0.1617974489927292,0.3890291750431061,0.5650324821472168,0.0,0.0,habitat_vln/outputs/03_navida_overfit/navida_overfit_20ep/closed_loop_all_linear_ep5_chunk3/run_20260711_213417/frames/episode_000/frame_065.jpg
0,7,data/scene_datasets/hm3d/example/00337-CFVBbU9Rsyb/CFVBbU9Rsyb.basis.glb,Navigate to the target location and stop when you reach it.,66,turn_right,True,"{""actions"":[{""action"":""turn_right"",""count"":3},{""action"":""move_forward"",""count"":1}]}
{""queued_action"":""turn_right"",""remaining"":0}",turn_right,turn_right,turn_right,0.5650324821472168,113.02269189456939,0.0,False,0.13934651762247086,0.17239122092723846,0.3934364378452301,5,False,False,0.0,7,3.9041051864624023,-2.6005380153656006,-6.004319667816162,0.0,0.4013333320617676,0.0,-0.9159321188926697,0.14718353003263474,0.5176084637641907,0.5650324821472168,0.0,0.0,habitat_vln/outputs/03_navida_overfit/navida_overfit_20ep/closed_loop_all_linear_ep5_chunk3/run_20260711_213417/frames/episode_000/frame_066.jpg
0,7,data/scene_datasets/hm3d/example/00337-CFVBbU9Rsyb/CFVBbU9Rsyb.basis.glb,Navigate to the target location and stop when you reach it.,67,turn_right,True,"{""actions"":[{""action"":""turn_right"",""count"":3},{""action"":""move_forward"",""count"":1}]}",turn_right,turn_right,turn_right,0.5650324821472168,103.02269389302376,0.0,False,0.1277455911040306,0.19283545017242432,0.8272142350673676,6,False,False,0.0,8,3.9041051864624023,-2.6005380153656006,-6.004319667816162,0.0,0.4796348810195923,0.0,-0.8774682283401489,0.14222931861877441,0.6535087823867798,0.5650324821472168,0.0,0.0,habitat_vln/outputs/03_navida_overfit/navida_overfit_20ep/closed_loop_all_linear_ep5_chunk3/run_20260711_213417/frames/episode_000/frame_067.jpg
0,7,data/scene_datasets/hm3d/example/00337-CFVBbU9Rsyb/CFVBbU9Rsyb.basis.glb,Navigate to the target location and stop when you reach it.,68,turn_right,True,"{""actions"":[{""action"":""turn_right"",""count"":3},{""action"":""move_forward"",""count"":1}]}
{""queued_action"":""turn_right"",""remaining"":1}",turn_right,turn_right,turn_right,0.5650324821472168,93.02269589147812,0.0,False,0.12868668138980865,0.23421708941459657,1.073517620563507,7,False,False,0.0,9,3.9041051864624023,-2.6005380153656006,-6.004319667816162,0.0,0.5542860627174377,0.0,-0.8323261737823486,0.14623432606458664,0.7944900393486023,0.5650324821472168,0.0,0.0,habitat_vln/outputs/03_navida_overfit/navida_overfit_20ep/closed_loop_all_linear_ep5_chunk3/run_20260711_213417/frames/episode_000/frame_068.jpg
0,7,data/scene_datasets/hm3d/example/00337-CFVBbU9Rsyb/CFVBbU9Rsyb.basis.glb,Navigate to the target location and stop when you reach it.,69,turn_right,True,"{""actions"":[{""action"":""turn_right"",""count"":3},{""action"":""move_forward"",""count"":1}]}
{""queued_action"":""turn_right"",""remaining"":0}",turn_right,turn_right,turn_right,0.5650324821472168,83.02269788993249,0.0,False,0.1378306820988655,0.3148404657840729,1.2388855934143066,8,False,False,0.0,10,3.9041051864624023,-2.6005380153656006,-6.004319667816162,0.0,0.6247188448905945,0.0,-0.7808497548103333,0.16422752290964127,0.9450337886810303,0.5650324821472168,0.0,0.0,habitat_vln/outputs/03_navida_overfit/navida_overfit_20ep/closed_loop_all_linear_ep5_chunk3/run_20260711_213417/frames/episode_000/frame_069.jpg
0,7,data/scene_datasets/hm3d/example/00337-CFVBbU9Rsyb/CFVBbU9Rsyb.basis.glb,Navigate to the target location and stop when you reach it.,70,move_forward,True,"{""actions"":[{""action"":""move_forward"",""count"":1},{""action"":""turn_right"",""count"":2},{""action"":""move_forward"",""count"":1}]}",move_forward,move_forward,turn_right,0.5650324821472168,73.02269988838688,0.0,True,0.15519211441278458,0.6903435349464416,1.2529870629310609,9,False,True,0.0,11,3.9041051864624023,-2.6005380153656006,-6.004319667816162,0.0,0.6903971433639526,0.0,-0.7234305739402771,0.19014625996351242,1.1091269254684448,0.532206654548645,0.0,0.0,habitat_vln/outputs/03_navida_overfit/navida_overfit_20ep/closed_loop_all_linear_ep5_chunk3/run_20260711_213417/frames/episode_000/frame_070.jpg
0,7,data/scene_datasets/hm3d/example/00337-CFVBbU9Rsyb/CFVBbU9Rsyb.basis.glb,Navigate to the target location and stop when you reach it.,71,turn_right,True,"{""actions"":[{""action"":""move_forward"",""count"":1},{""action"":""turn_right"",""count"":2},{""action"":""move_forward"",""count"":1}]}
{""queued_action"":""turn_right"",""remaining"":1}",turn_right,turn_right,move_forward,0.532206654548645,93.74872450968297,-0.03282582759857178,False,0.15870188921689987,0.786650538444519,1.256805455684662,1,True,False,-0.03282582759857178,12,4.104104995727539,-2.6005380153656006,-6.004319667816162,0.0,0.6903971433639526,0.0,-0.7234305739402771,0.1987238973379135,1.1116241216659546,0.532206654548645,0.0,0.0,habitat_vln/outputs/03_navida_overfit/navida_overfit_20ep/closed_loop_all_linear_ep5_chunk3/run_20260711_213417/frames/episode_000/frame_071.jpg
0,7,data/scene_datasets/hm3d/example/00337-CFVBbU9Rsyb/CFVBbU9Rsyb.basis.glb,Navigate to the target location and stop when you reach it.,72,turn_right,True,"{""actions"":[{""action"":""move_forward"",""count"":1},{""action"":""turn_right"",""count"":2},{""action"":""move_forward"",""count"":1}]}
{""queued_action"":""turn_right"",""remaining"":0}",turn_right,turn_right,turn_right,0.532206654548645,83.74872650813734,0.0,False,0.19659703224897385,0.9967836260795594,1.2387949705123902,1,False,False,0.0,13,4.104104995727539,-2.6005380153656006,-6.004319667816162,0.0,0.7508211135864258,0.0,-0.6605056524276733,0.43676942586898804,1.3030236959457397,0.532206654548645,0.0,0.0,habitat_vln/outputs/03_navida_overfit/navida_overfit_20ep/closed_loop_all_linear_ep5_chunk3/run_20260711_213417/frames/episode_000/frame_072.jpg
0,7,data/scene_datasets/hm3d/example/00337-CFVBbU9Rsyb/CFVBbU9Rsyb.basis.glb,Navigate to the target location and stop when you reach it.,73,move_forward,True,"{""actions"":[{""action"":""move_forward"",""count"":1},{""action"":""turn_right"",""count"":2},{""action"":""move_forward"",""count"":1}]}",move_forward,move_forward,turn_right,0.532206654548645,73.74872167640257,0.0,True,0.6171275675296783,1.1160837888717652,1.2127285718917846,2,False,True,0.0,14,4.104104995727539,-2.6005380153656006,-6.004319667816162,0.0,0.8055309057235718,0.0,-0.5925538539886475,0.7756445407867432,1.4629095792770386,0.415987491607666,0.0,0.0,habitat_vln/outputs/03_navida_overfit/navida_overfit_20ep/closed_loop_all_linear_ep5_chunk3/run_20260711_213417/frames/episode_000/frame_073.jpg
0,7,data/scene_datasets/hm3d/example/00337-CFVBbU9Rsyb/CFVBbU9Rsyb.basis.glb,Navigate to the target location and stop when you reach it.,74,turn_right,True,"{""actions"":[{""action"":""move_forward"",""count"":1},{""action"":""turn_right"",""count"":2},{""action"":""move_forward"",""count"":1}]}
{""queued_action"":""turn_right"",""remaining"":1}",turn_right,turn_right,move_forward,0.415987491607666,77.28910242135447,-0.116219162940979,False,0.6903563737869263,1.252519392967224,1.2000895500183106,1,True,False,-0.116219162940979,15,4.127599716186523,-2.6005380153656006,-5.886846542358398,0.0,0.8055309057235718,0.0,-0.5925538539886475,0.9208274483680725,1.4677315950393677,0.415987491607666,0.0,0.0,habitat_vln/outputs/03_navida_overfit/navida_overfit_20ep/closed_loop_all_linear_ep5_chunk3/run_20260711_213417/frames/episode_000/frame_074.jpg
0,7,data/scene_datasets/hm3d/example/00337-CFVBbU9Rsyb/CFVBbU9Rsyb.basis.glb,Navigate to the target location and stop when you reach it.,75,turn_right,True,"{""actions"":[{""action"":""move_forward"",""count"":1},{""action"":""turn_right"",""count"":2},{""action"":""move_forward"",""count"":1}]}
{""queued_action"":""turn_right"",""remaining"":0}",turn_right,turn_right,turn_right,0.415987491607666,67.28910441980884,0.0,False,0.8350135087966919,1.266589629650116,1.226111352443695,1,False,False,0.0,0,4.127599716186523,-2.6005380153656006,-5.886846542358398,0.0,0.854110062122345,0.0,-0.5200923681259155,1.0954191088676453,1.5195814371109009,0.415987491607666,0.0,0.0,habitat_vln/outputs/03_navida_overfit/navida_overfit_20ep/closed_loop_all_linear_ep5_chunk3/run_20260711_213417/frames/episode_000/frame_075.jpg
0,7,data/scene_datasets/hm3d/example/00337-CFVBbU9Rsyb/CFVBbU9Rsyb.basis.glb,Navigate to the target location and stop when you reach it.,76,turn_right,True,"{""actions"":[{""action"":""turn_right"",""count"":1},{""action"":""move_forward"",""count"":2},{""action"":""stop"",""count"":1}]}",turn_right,turn_right,turn_right,0.415987491607666,57.289103003168634,0.0,False,1.0844619274139404,1.2527166604995728,1.212571620941162,2,False,False,0.0,1,4.127599716186523,-2.6005380153656006,-5.886846542358398,0.0,0.8961889743804932,0.0,-0.44367265701293945,1.1593797206878662,1.5460432767868042,0.415987491607666,0.0,0.0,habitat_vln/outputs/03_navida_overfit/navida_overfit_20ep/closed_loop_all_linear_ep5_chunk3/run_20260711_213417/frames/episode_000/frame_076.jpg
0,7,data/scene_datasets/hm3d/example/00337-CFVBbU9Rsyb/CFVBbU9Rsyb.basis.glb,Navigate to the target location and stop when you reach it.,77,move_forward,True,"{""actions"":[{""action"":""turn_right"",""count"":1},{""action"":""move_forward"",""count"":2},{""action"":""stop"",""count"":1}]}
{""queued_action"":""move_forward"",""remaining"":1}",move_forward,move_forward,turn_right,0.415987491607666,47.28910158652843,0.0,False,1.1520041227340698,1.266079092025757,1.1626497507095337,3,False,False,0.0,2,4.127599716186523,-2.6005380153656006,-5.886846542358398,0.0,0.9314472675323486,0.0,-0.3638763129711151,1.1629157066345215,1.5666182041168213,0.30734947323799133,0.0,0.0,habitat_vln/outputs/03_navida_overfit/navida_overfit_20ep/closed_loop_all_linear_ep5_chunk3/run_20260711_213417/frames/episode_000/frame_077.jpg
0,7,data/scene_datasets/hm3d/example/00337-CFVBbU9Rsyb/CFVBbU9Rsyb.basis.glb,Navigate to the target location and stop when you reach it.,78,move_forward,True,"{""actions"":[{""action"":""turn_right"",""count"":1},{""action"":""move_forward"",""count"":2},{""action"":""stop"",""count"":1}]}
{""queued_action"":""move_forward"",""remaining"":0}",move_forward,move_forward,move_forward,0.30734947323799133,83.99301505399205,-0.10863801836967468,False,1.0461477041244507,1.2000560760498047,1.1594510316848756,1,False,False,-0.10863801836967468,3,4.297065734863281,-2.6005380153656006,-5.703049659729004,0.0,0.9314472675323486,0.0,-0.3638763129711151,1.0814350843429565,1.442374587059021,0.37534233927726746,0.0,0.0,habitat_vln/outputs/03_navida_overfit/navida_overfit_20ep/closed_loop_all_linear_ep5_chunk3/run_20260711_213417/frames/episode_000/frame_078.jpg
0,7,data/scene_datasets/hm3d/example/00337-CFVBbU9Rsyb/CFVBbU9Rsyb.basis.glb,Navigate to the target location and stop when you reach it.,79,move_forward,True,"{""actions"":[{""action"":""move_forward"",""count"":1},{""action"":""turn_right"",""count"":1},{""action"":""move_forward"",""count"":2}]}",move_forward,move_forward,move_forward,0.37534233927726746,125.47631241203703,0.06799286603927612,False,0.9288954734802246,1.1634559631347656,1.0955514907836914,2,False,False,0.06799286603927612,0,4.466531753540039,-2.6005380153656006,-5.519252777099609,0.0,0.9314472675323486,0.0,-0.3638763129711151,0.9834455251693726,1.306902527809143,0.5588381290435791,0.0,0.0,habitat_vln/outputs/03_navida_overfit/navida_overfit_20ep/closed_loop_all_linear_ep5_chunk3/run_20260711_213417/frames/episode_000/frame_079.jpg
