bearing_bin,distance_bin,action,samples,episodes,scenes,under_target
ahead,arrived,move_forward,1,1,1,True
ahead,arrived,stop,51,51,10,False
ahead,far,move_forward,41,33,9,False
ahead,far,turn_left,40,38,10,False
ahead,far,turn_right,40,37,10,False
ahead,mid,move_forward,41,39,9,False
ahead,mid,turn_left,40,39,10,False
ahead,mid,turn_right,40,40,10,False
ahead,near,move_forward,124,124,10,False
ahead,near,turn_left,32,32,10,False
ahead,near,turn_right,40,40,9,False
left,arrived,stop,8,8,6,True
left,arrived,turn_left,1,1,1,True
left,arrived,turn_right,1,1,1,True
left,far,move_forward,40,36,10,False
left,far,turn_left,40,39,10,False
left,far,turn_right,40,39,10,False
left,mid,move_forward,40,37,10,False
left,mid,turn_left,40,37,10,False
left,mid,turn_right,18,17,9,True
left,near,move_forward,3,3,3,True
left,near,turn_left,30,26,9,False
left,near,turn_right,3,3,2,True
right,arrived,stop,12,12,7,True
right,arrived,turn_right,1,1,1,True
right,far,move_forward,41,36,10,False
right,far,turn_left,40,38,10,False
right,far,turn_right,41,40,10,False
right,mid,move_forward,40,37,10,False
right,mid,turn_left,13,13,7,True
right,mid,turn_right,40,37,10,False
right,near,move_forward,4,4,4,True
right,near,turn_right,18,15,9,True
strong_left,arrived,stop,13,13,7,True
strong_left,far,move_forward,40,33,10,False
strong_left,far,turn_left,40,34,10,False
strong_left,far,turn_right,40,37,9,False
strong_left,mid,move_forward,40,27,9,False
strong_left,mid,turn_left,40,29,10,False
strong_left,mid,turn_right,18,13,7,True
strong_left,near,move_forward,4,3,3,True
strong_left,near,turn_left,10,9,8,True
strong_left,near,turn_right,1,1,1,True
strong_right,arrived,move_forward,1,1,1,True
strong_right,arrived,stop,14,14,7,True
strong_right,far,move_forward,41,35,10,False
strong_right,far,turn_left,40,34,10,False
strong_right,far,turn_right,41,37,10,False
strong_right,mid,move_forward,40,30,9,False
strong_right,mid,turn_left,22,19,8,False
strong_right,mid,turn_right,40,34,10,False
strong_right,near,move_forward,4,4,3,True
strong_right,near,turn_left,2,2,2,True
strong_right,near,turn_right,5,4,3,True
