episode_index,episode_id,scene_id,route_profile,coverage_labels,geodesic_distance,route_turn_count,route_low_clearance_fraction,samples,steps,success,spl,final_distance,valid_for_training,recovery_samples,collision_recovery_samples
0,00804-BHXhpBwSMLh-000015,/home/sousuke/habitat-lab/data/scene_datasets/hm3d/minival/00804-BHXhpBwSMLh/BHXhpBwSMLh.basis.glb,standard,standard;long_route;multi_turn;low_clearance,9.42512035369873,4,1.0,70,70,1.0,1.0,0.17105691134929657,True,25,0
1,00804-BHXhpBwSMLh-000004,/home/sousuke/habitat-lab/data/scene_datasets/hm3d/minival/00804-BHXhpBwSMLh/BHXhpBwSMLh.basis.glb,reorientation,reorientation;low_clearance,3.2761168479919434,1,0.8888888888888888,44,44,1.0,1.0,0.026509424671530724,True,25,0
2,00804-BHXhpBwSMLh-000007,/home/sousuke/habitat-lab/data/scene_datasets/hm3d/minival/00804-BHXhpBwSMLh/BHXhpBwSMLh.basis.glb,multi_turn,multi_turn;long_route;low_clearance,12.792247772216797,3,0.9666666666666667,92,92,1.0,0.9990394352171594,0.08161575347185135,True,39,0
3,00804-BHXhpBwSMLh-000018,/home/sousuke/habitat-lab/data/scene_datasets/hm3d/minival/00804-BHXhpBwSMLh/BHXhpBwSMLh.basis.glb,low_clearance,low_clearance;multi_turn,7.02662467956543,2,1.0,56,56,1.0,0.9965216982537974,0.016013359650969505,True,21,0
4,00804-BHXhpBwSMLh-000010,/home/sousuke/habitat-lab/data/scene_datasets/hm3d/minival/00804-BHXhpBwSMLh/BHXhpBwSMLh.basis.glb,standard,standard;low_clearance,6.048346996307373,0,1.0,43,43,1.0,0.9991781511343348,0.0309460386633873,True,9,0
5,00804-BHXhpBwSMLh-000009,/home/sousuke/habitat-lab/data/scene_datasets/hm3d/minival/00804-BHXhpBwSMLh/BHXhpBwSMLh.basis.glb,reorientation,reorientation;long_route;low_clearance,9.95938777923584,0,1.0,69,69,1.0,0.9902231224576253,0.021819332614541054,True,19,0
6,00804-BHXhpBwSMLh-000017,/home/sousuke/habitat-lab/data/scene_datasets/hm3d/minival/00804-BHXhpBwSMLh/BHXhpBwSMLh.basis.glb,multi_turn,multi_turn;long_route;low_clearance,10.96790885925293,2,1.0,81,81,1.0,0.9957874480156225,0.05451508238911629,True,36,0
7,00804-BHXhpBwSMLh-000016,/home/sousuke/habitat-lab/data/scene_datasets/hm3d/minival/00804-BHXhpBwSMLh/BHXhpBwSMLh.basis.glb,long_route,long_route;multi_turn;low_clearance,11.916351318359375,2,0.9259259259259259,70,70,1.0,0.9895649455545362,0.036334484815597534,True,9,0
8,00804-BHXhpBwSMLh-000029,/home/sousuke/habitat-lab/data/scene_datasets/hm3d/minival/00804-BHXhpBwSMLh/BHXhpBwSMLh.basis.glb,reorientation,reorientation;long_route;multi_turn;low_clearance,11.618648529052734,4,1.0,99,99,1.0,1.0,0.02843283861875534,True,67,0
9,00804-BHXhpBwSMLh-000028,/home/sousuke/habitat-lab/data/scene_datasets/hm3d/minival/00804-BHXhpBwSMLh/BHXhpBwSMLh.basis.glb,low_clearance,low_clearance;long_route;multi_turn,12.81116008758545,3,1.0,88,88,1.0,1.0,0.04349338635802269,True,34,0
10,00804-BHXhpBwSMLh-000003,/home/sousuke/habitat-lab/data/scene_datasets/hm3d/minival/00804-BHXhpBwSMLh/BHXhpBwSMLh.basis.glb,low_clearance,low_clearance;long_route;multi_turn,14.774874687194824,2,0.9166666666666666,100,100,1.0,0.9990476329158529,0.0765426754951477,True,22,0
11,00804-BHXhpBwSMLh-000002,/home/sousuke/habitat-lab/data/scene_datasets/hm3d/minival/00804-BHXhpBwSMLh/BHXhpBwSMLh.basis.glb,multi_turn,multi_turn;low_clearance,6.713958740234375,3,1.0,61,61,1.0,1.0,0.18308033049106598,True,24,0
12,00804-BHXhpBwSMLh-000021,/home/sousuke/habitat-lab/data/scene_datasets/hm3d/minival/00804-BHXhpBwSMLh/BHXhpBwSMLh.basis.glb,long_route,long_route;low_clearance,14.221041679382324,0,0.90625,67,67,1.0,0.9971522609382089,0.016672225669026375,True,4,0
13,00804-BHXhpBwSMLh-000024,/home/sousuke/habitat-lab/data/scene_datasets/hm3d/minival/00804-BHXhpBwSMLh/BHXhpBwSMLh.basis.glb,reorientation,reorientation;low_clearance,5.703899383544922,0,0.9230769230769231,47,47,1.0,0.9829584774828823,0.02703385427594185,True,19,0
14,00804-BHXhpBwSMLh-000012,/home/sousuke/habitat-lab/data/scene_datasets/hm3d/minival/00804-BHXhpBwSMLh/BHXhpBwSMLh.basis.glb,multi_turn,multi_turn;long_route;low_clearance,11.102214813232422,5,0.9629629629629629,88,88,1.0,1.0,0.15182487666606903,True,24,0
15,00804-BHXhpBwSMLh-000005,/home/sousuke/habitat-lab/data/scene_datasets/hm3d/minival/00804-BHXhpBwSMLh/BHXhpBwSMLh.basis.glb,standard,standard;low_clearance,5.184887886047363,1,0.75,42,42,1.0,1.0,0.16856282949447632,True,17,0
16,00804-BHXhpBwSMLh-000020,/home/sousuke/habitat-lab/data/scene_datasets/hm3d/minival/00804-BHXhpBwSMLh/BHXhpBwSMLh.basis.glb,standard,standard;long_route;multi_turn;low_clearance,11.858271598815918,2,1.0,82,82,1.0,1.0,0.07989305257797241,True,25,0
17,00804-BHXhpBwSMLh-000014,/home/sousuke/habitat-lab/data/scene_datasets/hm3d/minival/00804-BHXhpBwSMLh/BHXhpBwSMLh.basis.glb,reorientation,reorientation;low_clearance,6.358789443969727,0,0.8666666666666667,47,47,1.0,1.0,0.13376662135124207,True,17,0
18,00804-BHXhpBwSMLh-000001,/home/sousuke/habitat-lab/data/scene_datasets/hm3d/minival/00804-BHXhpBwSMLh/BHXhpBwSMLh.basis.glb,long_route,long_route;low_clearance,8.947869300842285,1,1.0,65,65,1.0,0.9941074153272502,0.050021689385175705,True,18,0
19,00804-BHXhpBwSMLh-000013,/home/sousuke/habitat-lab/data/scene_datasets/hm3d/minival/00804-BHXhpBwSMLh/BHXhpBwSMLh.basis.glb,low_clearance,low_clearance,4.214150428771973,0,1.0,32,32,1.0,0.990824219416452,0.02917434833943844,True,8,0
20,00804-BHXhpBwSMLh-000000,/home/sousuke/habitat-lab/data/scene_datasets/hm3d/minival/00804-BHXhpBwSMLh/BHXhpBwSMLh.basis.glb,standard,standard;long_route;multi_turn;low_clearance,12.319663047790527,2,0.9666666666666667,87,87,1.0,1.0,0.12625017762184143,True,28,0
21,00804-BHXhpBwSMLh-000006,/home/sousuke/habitat-lab/data/scene_datasets/hm3d/minival/00804-BHXhpBwSMLh/BHXhpBwSMLh.basis.glb,long_route,long_route;low_clearance,13.481480598449707,1,1.0,76,76,1.0,0.9970754244213462,0.01224813237786293,True,13,0
22,00804-BHXhpBwSMLh-000008,/home/sousuke/habitat-lab/data/scene_datasets/hm3d/minival/00804-BHXhpBwSMLh/BHXhpBwSMLh.basis.glb,low_clearance,low_clearance,4.803116321563721,1,1.0,34,34,1.0,1.0,0.05389074981212616,True,8,0
23,00804-BHXhpBwSMLh-000027,/home/sousuke/habitat-lab/data/scene_datasets/hm3d/minival/00804-BHXhpBwSMLh/BHXhpBwSMLh.basis.glb,multi_turn,multi_turn;long_route;low_clearance,9.648978233337402,2,0.9130434782608695,76,76,1.0,0.9734091357578386,0.16801200807094574,True,29,0
24,00804-BHXhpBwSMLh-000019,/home/sousuke/habitat-lab/data/scene_datasets/hm3d/minival/00804-BHXhpBwSMLh/BHXhpBwSMLh.basis.glb,reorientation,reorientation;long_route;low_clearance,14.55223560333252,0,1.0,83,83,1.0,1.0,0.13276344537734985,True,17,0
25,00804-BHXhpBwSMLh-000026,/home/sousuke/habitat-lab/data/scene_datasets/hm3d/minival/00804-BHXhpBwSMLh/BHXhpBwSMLh.basis.glb,long_route,long_route;multi_turn;low_clearance,11.720963478088379,3,1.0,78,78,1.0,0.996772127191756,0.027319110929965973,True,25,0
26,00804-BHXhpBwSMLh-000023,/home/sousuke/habitat-lab/data/scene_datasets/hm3d/minival/00804-BHXhpBwSMLh/BHXhpBwSMLh.basis.glb,low_clearance,low_clearance;long_route,10.20226764678955,1,0.9130434782608695,62,62,1.0,0.9929533774042215,0.028585519641637802,True,12,0
27,00804-BHXhpBwSMLh-000011,/home/sousuke/habitat-lab/data/scene_datasets/hm3d/minival/00804-BHXhpBwSMLh/BHXhpBwSMLh.basis.glb,long_route,long_route;multi_turn;low_clearance,9.449845314025879,2,1.0,81,81,1.0,1.0,0.13753607869148254,True,38,0
28,00804-BHXhpBwSMLh-000022,/home/sousuke/habitat-lab/data/scene_datasets/hm3d/minival/00804-BHXhpBwSMLh/BHXhpBwSMLh.basis.glb,multi_turn,multi_turn;long_route;low_clearance,14.33082389831543,3,1.0,83,83,1.0,1.0,0.09380024671554565,True,14,0
29,00804-BHXhpBwSMLh-000025,/home/sousuke/habitat-lab/data/scene_datasets/hm3d/minival/00804-BHXhpBwSMLh/BHXhpBwSMLh.basis.glb,standard,standard;long_route;multi_turn;low_clearance,14.96194076538086,2,1.0,96,96,1.0,0.9949529445815212,0.008522949181497097,True,33,1
30,00337-CFVBbU9Rsyb-000016,/home/sousuke/habitat-lab/data/scene_datasets/hm3d/example/00337-CFVBbU9Rsyb/CFVBbU9Rsyb.basis.glb,long_route,long_route;low_clearance,9.806900024414062,1,1.0,86,86,1.0,0.9869015906114988,0.06513417512178421,True,37,0
31,00337-CFVBbU9Rsyb-000021,/home/sousuke/habitat-lab/data/scene_datasets/hm3d/example/00337-CFVBbU9Rsyb/CFVBbU9Rsyb.basis.glb,long_route,long_route;multi_turn;low_clearance,12.578191757202148,3,0.9032258064516129,84,84,1.0,1.0,0.10421045124530792,True,40,0
32,00337-CFVBbU9Rsyb-000005,/home/sousuke/habitat-lab/data/scene_datasets/hm3d/example/00337-CFVBbU9Rsyb/CFVBbU9Rsyb.basis.glb,standard,standard;long_route;low_clearance,8.50900650024414,1,0.9,61,61,1.0,1.0,0.011413943953812122,True,19,0
33,00337-CFVBbU9Rsyb-000007,/home/sousuke/habitat-lab/data/scene_datasets/hm3d/example/00337-CFVBbU9Rsyb/CFVBbU9Rsyb.basis.glb,multi_turn,multi_turn;low_clearance,7.372155666351318,4,1.0,54,54,1.0,1.0,0.07355421036481857,True,31,0
34,00337-CFVBbU9Rsyb-000008,/home/sousuke/habitat-lab/data/scene_datasets/hm3d/example/00337-CFVBbU9Rsyb/CFVBbU9Rsyb.basis.glb,low_clearance,low_clearance;multi_turn,6.214601516723633,2,1.0,42,42,1.0,0.9857434786913396,0.06645584106445312,True,9,0
35,00337-CFVBbU9Rsyb-000027,/home/sousuke/habitat-lab/data/scene_datasets/hm3d/example/00337-CFVBbU9Rsyb/CFVBbU9Rsyb.basis.glb,multi_turn,multi_turn;long_route;low_clearance,13.0730619430542,3,0.96875,92,92,1.0,0.9898941747615264,0.060571614652872086,True,33,0
36,00337-CFVBbU9Rsyb-000022,/home/sousuke/habitat-lab/data/scene_datasets/hm3d/example/00337-CFVBbU9Rsyb/CFVBbU9Rsyb.basis.glb,multi_turn,multi_turn;long_route;low_clearance,11.537313461303711,4,1.0,96,96,1.0,0.9850812035998223,0.008673880249261856,True,37,0
37,00337-CFVBbU9Rsyb-000020,/home/sousuke/habitat-lab/data/scene_datasets/hm3d/example/00337-CFVBbU9Rsyb/CFVBbU9Rsyb.basis.glb,standard,standard;long_route;low_clearance,10.41398811340332,0,1.0,65,65,1.0,1.0,0.18665021657943726,True,16,0
38,00337-CFVBbU9Rsyb-000018,/home/sousuke/habitat-lab/data/scene_datasets/hm3d/example/00337-CFVBbU9Rsyb/CFVBbU9Rsyb.basis.glb,low_clearance,low_clearance,7.430774688720703,1,1.0,57,57,1.0,1.0,0.11584910750389099,True,18,0
39,00337-CFVBbU9Rsyb-000028,/home/sousuke/habitat-lab/data/scene_datasets/hm3d/example/00337-CFVBbU9Rsyb/CFVBbU9Rsyb.basis.glb,low_clearance,low_clearance;long_route;multi_turn,13.610118865966797,6,1.0,95,95,1.0,0.9741626873745964,0.037066422402858734,True,56,0
40,00337-CFVBbU9Rsyb-000010,/home/sousuke/habitat-lab/data/scene_datasets/hm3d/example/00337-CFVBbU9Rsyb/CFVBbU9Rsyb.basis.glb,standard,standard;long_route;multi_turn;low_clearance,10.224020957946777,2,1.0,76,76,1.0,0.9790345500744249,0.046940580010414124,True,19,0
41,00337-CFVBbU9Rsyb-000001,/home/sousuke/habitat-lab/data/scene_datasets/hm3d/example/00337-CFVBbU9Rsyb/CFVBbU9Rsyb.basis.glb,long_route,long_route;multi_turn;low_clearance,13.859030723571777,3,1.0,89,89,1.0,0.9988436578893395,0.084902822971344,True,31,0
42,00337-CFVBbU9Rsyb-000004,/home/sousuke/habitat-lab/data/scene_datasets/hm3d/example/00337-CFVBbU9Rsyb/CFVBbU9Rsyb.basis.glb,reorientation,reorientation;long_route;low_clearance,11.680508613586426,1,0.9285714285714286,86,86,1.0,1.0,0.14899605512619019,True,31,0
43,00337-CFVBbU9Rsyb-000000,/home/sousuke/habitat-lab/data/scene_datasets/hm3d/example/00337-CFVBbU9Rsyb/CFVBbU9Rsyb.basis.glb,standard,standard;long_route;multi_turn;low_clearance,13.368160247802734,5,0.96875,98,98,1.0,0.9907233276622581,0.08905070275068283,True,51,0
44,00337-CFVBbU9Rsyb-000006,/home/sousuke/habitat-lab/data/scene_datasets/hm3d/example/00337-CFVBbU9Rsyb/CFVBbU9Rsyb.basis.glb,long_route,long_route;multi_turn;low_clearance,13.727550506591797,2,1.0,86,86,1.0,0.9929181199179747,0.022637946531176567,True,12,0
45,00337-CFVBbU9Rsyb-000019,/home/sousuke/habitat-lab/data/scene_datasets/hm3d/example/00337-CFVBbU9Rsyb/CFVBbU9Rsyb.basis.glb,reorientation,reorientation;long_route;multi_turn;low_clearance,12.202312469482422,2,0.9655172413793104,94,94,1.0,0.9871087883743827,0.0031038185115903616,True,47,0
46,00337-CFVBbU9Rsyb-000017,/home/sousuke/habitat-lab/data/scene_datasets/hm3d/example/00337-CFVBbU9Rsyb/CFVBbU9Rsyb.basis.glb,multi_turn,multi_turn;long_route;low_clearance,13.758355140686035,2,1.0,100,100,1.0,0.9932753137601836,0.18465469777584076,True,21,0
47,00337-CFVBbU9Rsyb-000023,/home/sousuke/habitat-lab/data/scene_datasets/hm3d/example/00337-CFVBbU9Rsyb/CFVBbU9Rsyb.basis.glb,low_clearance,low_clearance;long_route;multi_turn,9.64245319366455,4,1.0,77,77,1.0,0.9893288933000189,0.10275819152593613,True,46,0
48,00337-CFVBbU9Rsyb-000009,/home/sousuke/habitat-lab/data/scene_datasets/hm3d/example/00337-CFVBbU9Rsyb/CFVBbU9Rsyb.basis.glb,reorientation,reorientation;long_route;low_clearance,11.01153564453125,1,1.0,80,80,1.0,1.0,0.010742736048996449,True,19,0
49,00337-CFVBbU9Rsyb-000026,/home/sousuke/habitat-lab/data/scene_datasets/hm3d/example/00337-CFVBbU9Rsyb/CFVBbU9Rsyb.basis.glb,long_route,long_route;low_clearance,8.130804061889648,1,1.0,68,68,1.0,1.0,0.11619625240564346,True,22,0
50,00337-CFVBbU9Rsyb-000011,/home/sousuke/habitat-lab/data/scene_datasets/hm3d/example/00337-CFVBbU9Rsyb/CFVBbU9Rsyb.basis.glb,long_route,long_route;low_clearance,12.321023941040039,0,0.9666666666666667,81,81,1.0,1.0,0.0564020611345768,True,22,0
51,00337-CFVBbU9Rsyb-000029,/home/sousuke/habitat-lab/data/scene_datasets/hm3d/example/00337-CFVBbU9Rsyb/CFVBbU9Rsyb.basis.glb,reorientation,reorientation;long_route;multi_turn;low_clearance,8.284611701965332,4,1.0,72,72,1.0,1.0,0.044604409486055374,True,33,0
52,00337-CFVBbU9Rsyb-000003,/home/sousuke/habitat-lab/data/scene_datasets/hm3d/example/00337-CFVBbU9Rsyb/CFVBbU9Rsyb.basis.glb,low_clearance,low_clearance,2.934232711791992,0,1.0,29,29,1.0,0.9780775705973307,0.047533635050058365,True,12,0
53,00337-CFVBbU9Rsyb-000012,/home/sousuke/habitat-lab/data/scene_datasets/hm3d/example/00337-CFVBbU9Rsyb/CFVBbU9Rsyb.basis.glb,multi_turn,multi_turn;long_route;low_clearance,10.37183952331543,2,1.0,79,79,1.0,1.0,0.13878706097602844,True,31,0
54,00337-CFVBbU9Rsyb-000014,/home/sousuke/habitat-lab/data/scene_datasets/hm3d/example/00337-CFVBbU9Rsyb/CFVBbU9Rsyb.basis.glb,reorientation,reorientation;long_route;low_clearance,12.907232284545898,1,1.0,92,92,1.0,0.9839886667512908,0.07436571270227432,True,27,0
55,00337-CFVBbU9Rsyb-000025,/home/sousuke/habitat-lab/data/scene_datasets/hm3d/example/00337-CFVBbU9Rsyb/CFVBbU9Rsyb.basis.glb,standard,standard;long_route;multi_turn;low_clearance,9.243866920471191,4,1.0,78,78,1.0,1.0,0.06634782254695892,True,31,0
56,00337-CFVBbU9Rsyb-000015,/home/sousuke/habitat-lab/data/scene_datasets/hm3d/example/00337-CFVBbU9Rsyb/CFVBbU9Rsyb.basis.glb,standard,standard;low_clearance,5.604554176330566,1,1.0,56,56,1.0,1.0,0.08013034611940384,True,29,0
57,00337-CFVBbU9Rsyb-000013,/home/sousuke/habitat-lab/data/scene_datasets/hm3d/example/00337-CFVBbU9Rsyb/CFVBbU9Rsyb.basis.glb,low_clearance,low_clearance;long_route;multi_turn,10.826059341430664,3,0.9642857142857143,76,76,1.0,1.0,0.16310253739356995,True,28,0
58,00337-CFVBbU9Rsyb-000002,/home/sousuke/habitat-lab/data/scene_datasets/hm3d/example/00337-CFVBbU9Rsyb/CFVBbU9Rsyb.basis.glb,multi_turn,multi_turn;long_route;low_clearance,12.382795333862305,2,1.0,81,81,1.0,1.0,0.11464092135429382,True,38,0
59,00337-CFVBbU9Rsyb-000024,/home/sousuke/habitat-lab/data/scene_datasets/hm3d/example/00337-CFVBbU9Rsyb/CFVBbU9Rsyb.basis.glb,reorientation,reorientation;multi_turn;low_clearance,7.026097774505615,4,1.0,65,65,1.0,0.9926464301168738,0.14298225939273834,True,45,0
60,00801-HaxA7YrQdEC-000012,/home/sousuke/habitat-lab/data/scene_datasets/hm3d/minival/00801-HaxA7YrQdEC/HaxA7YrQdEC.basis.glb,multi_turn,multi_turn;long_route;low_clearance,11.391373634338379,6,1.0,86,86,1.0,0.9761478496257789,0.00936774630099535,True,42,0
61,00801-HaxA7YrQdEC-000008,/home/sousuke/habitat-lab/data/scene_datasets/hm3d/minival/00801-HaxA7YrQdEC/HaxA7YrQdEC.basis.glb,low_clearance,low_clearance,7.8390607833862305,1,1.0,57,57,1.0,0.977096054365653,0.05503443628549576,True,17,0
62,00801-HaxA7YrQdEC-000024,/home/sousuke/habitat-lab/data/scene_datasets/hm3d/minival/00801-HaxA7YrQdEC/HaxA7YrQdEC.basis.glb,reorientation,reorientation;low_clearance,7.251003265380859,0,0.9375,49,49,1.0,1.0,0.02488425001502037,True,17,0
63,00801-HaxA7YrQdEC-000004,/home/sousuke/habitat-lab/data/scene_datasets/hm3d/minival/00801-HaxA7YrQdEC/HaxA7YrQdEC.basis.glb,reorientation,reorientation;long_route;low_clearance,12.591914176940918,1,1.0,83,83,1.0,1.0,0.15725529193878174,True,22,0
64,00801-HaxA7YrQdEC-000005,/home/sousuke/habitat-lab/data/scene_datasets/hm3d/minival/00801-HaxA7YrQdEC/HaxA7YrQdEC.basis.glb,standard,standard;multi_turn;low_clearance,3.540376663208008,2,1.0,32,32,1.0,1.0,0.19807186722755432,True,15,0
65,00801-HaxA7YrQdEC-000020,/home/sousuke/habitat-lab/data/scene_datasets/hm3d/minival/00801-HaxA7YrQdEC/HaxA7YrQdEC.basis.glb,standard,standard;long_route;low_clearance,11.18480110168457,1,0.92,77,77,1.0,0.9908837055838899,0.031604304909706116,True,18,0
66,00801-HaxA7YrQdEC-000016,/home/sousuke/habitat-lab/data/scene_datasets/hm3d/minival/00801-HaxA7YrQdEC/HaxA7YrQdEC.basis.glb,long_route,long_route;low_clearance,9.635429382324219,0,0.8571428571428571,58,58,1.0,1.0,0.18662388622760773,True,11,0
67,00801-HaxA7YrQdEC-000010,/home/sousuke/habitat-lab/data/scene_datasets/hm3d/minival/00801-HaxA7YrQdEC/HaxA7YrQdEC.basis.glb,standard,standard;long_route;multi_turn;low_clearance,14.08538818359375,6,1.0,113,113,1.0,0.978722781733536,0.03081917017698288,True,53,0
68,00801-HaxA7YrQdEC-000028,/home/sousuke/habitat-lab/data/scene_datasets/hm3d/minival/00801-HaxA7YrQdEC/HaxA7YrQdEC.basis.glb,low_clearance,low_clearance;long_route,9.665838241577148,1,1.0,67,67,1.0,0.9913680126560894,0.035465143620967865,True,20,0
69,00801-HaxA7YrQdEC-000026,/home/sousuke/habitat-lab/data/scene_datasets/hm3d/minival/00801-HaxA7YrQdEC/HaxA7YrQdEC.basis.glb,long_route,long_route;multi_turn;low_clearance,14.875313758850098,6,1.0,108,108,1.0,0.9798681810479789,0.029048068448901176,True,40,0
70,00801-HaxA7YrQdEC-000000,/home/sousuke/habitat-lab/data/scene_datasets/hm3d/minival/00801-HaxA7YrQdEC/HaxA7YrQdEC.basis.glb,standard,standard;long_route;multi_turn;low_clearance,14.635848999023438,4,1.0,109,109,1.0,0.9948654905200373,0.13945280015468597,True,52,0
71,00801-HaxA7YrQdEC-000007,/home/sousuke/habitat-lab/data/scene_datasets/hm3d/minival/00801-HaxA7YrQdEC/HaxA7YrQdEC.basis.glb,multi_turn,multi_turn;long_route;low_clearance,10.155128479003906,5,1.0,89,89,1.0,0.9946525266898267,0.16326184570789337,True,54,0
72,00801-HaxA7YrQdEC-000017,/home/sousuke/habitat-lab/data/scene_datasets/hm3d/minival/00801-HaxA7YrQdEC/HaxA7YrQdEC.basis.glb,multi_turn,multi_turn;long_route;low_clearance,11.783565521240234,4,1.0,92,92,1.0,0.9997706125703839,0.13334321975708008,True,44,0
73,00801-HaxA7YrQdEC-000023,/home/sousuke/habitat-lab/data/scene_datasets/hm3d/minival/00801-HaxA7YrQdEC/HaxA7YrQdEC.basis.glb,low_clearance,low_clearance,6.857665061950684,1,1.0,43,43,1.0,1.0,0.151084765791893,True,6,0
74,00801-HaxA7YrQdEC-000022,/home/sousuke/habitat-lab/data/scene_datasets/hm3d/minival/00801-HaxA7YrQdEC/HaxA7YrQdEC.basis.glb,multi_turn,multi_turn;long_route;low_clearance,9.607783317565918,3,0.8695652173913043,80,80,1.0,1.0,0.08520422130823135,True,28,0
75,00801-HaxA7YrQdEC-000013,/home/sousuke/habitat-lab/data/scene_datasets/hm3d/minival/00801-HaxA7YrQdEC/HaxA7YrQdEC.basis.glb,low_clearance,low_clearance,7.612281322479248,0,0.9411764705882353,47,47,1.0,1.0,0.1386038213968277,True,10,0
76,00801-HaxA7YrQdEC-000027,/home/sousuke/habitat-lab/data/scene_datasets/hm3d/minival/00801-HaxA7YrQdEC/HaxA7YrQdEC.basis.glb,multi_turn,multi_turn;long_route;low_clearance,10.269808769226074,3,0.9615384615384616,76,76,1.0,1.0,0.030911004170775414,True,39,0
77,00801-HaxA7YrQdEC-000019,/home/sousuke/habitat-lab/data/scene_datasets/hm3d/minival/00801-HaxA7YrQdEC/HaxA7YrQdEC.basis.glb,reorientation,reorientation;long_route;multi_turn;low_clearance,9.986058235168457,5,1.0,96,96,1.0,0.9617948286399063,0.02322867326438427,True,54,0
78,00801-HaxA7YrQdEC-000002,/home/sousuke/habitat-lab/data/scene_datasets/hm3d/minival/00801-HaxA7YrQdEC/HaxA7YrQdEC.basis.glb,multi_turn,multi_turn;long_route;low_clearance,8.140912055969238,4,0.85,63,63,1.0,1.0,0.11334668844938278,True,22,0
79,00801-HaxA7YrQdEC-000025,/home/sousuke/habitat-lab/data/scene_datasets/hm3d/minival/00801-HaxA7YrQdEC/HaxA7YrQdEC.basis.glb,standard,standard;long_route;low_clearance,8.751349449157715,1,0.85,50,50,1.0,1.0,0.02412177249789238,True,4,0
80,00801-HaxA7YrQdEC-000029,/home/sousuke/habitat-lab/data/scene_datasets/hm3d/minival/00801-HaxA7YrQdEC/HaxA7YrQdEC.basis.glb,reorientation,reorientation;long_route;low_clearance,10.84634780883789,1,0.96,78,78,1.0,1.0,0.16693738102912903,True,20,0
81,00801-HaxA7YrQdEC-000006,/home/sousuke/habitat-lab/data/scene_datasets/hm3d/minival/00801-HaxA7YrQdEC/HaxA7YrQdEC.basis.glb,long_route,long_route;multi_turn;low_clearance,12.129194259643555,4,1.0,83,83,1.0,0.9801730010367388,0.14670908451080322,True,33,0
82,00801-HaxA7YrQdEC-000011,/home/sousuke/habitat-lab/data/scene_datasets/hm3d/minival/00801-HaxA7YrQdEC/HaxA7YrQdEC.basis.glb,long_route,long_route;low_clearance,8.955370903015137,1,1.0,49,49,1.0,0.99403154111917,0.025284992530941963,True,2,0
83,00801-HaxA7YrQdEC-000003,/home/sousuke/habitat-lab/data/scene_datasets/hm3d/minival/00801-HaxA7YrQdEC/HaxA7YrQdEC.basis.glb,low_clearance,low_clearance;long_route,8.715150833129883,0,1.0,48,48,1.0,0.9957158979747752,0.029787173494696617,True,6,0
84,00801-HaxA7YrQdEC-000018,/home/sousuke/habitat-lab/data/scene_datasets/hm3d/minival/00801-HaxA7YrQdEC/HaxA7YrQdEC.basis.glb,low_clearance,low_clearance;long_route,8.80328369140625,1,0.85,52,52,1.0,1.0,0.04613937437534332,True,8,0
85,00801-HaxA7YrQdEC-000015,/home/sousuke/habitat-lab/data/scene_datasets/hm3d/minival/00801-HaxA7YrQdEC/HaxA7YrQdEC.basis.glb,standard,standard;long_route;low_clearance,10.452397346496582,0,0.8,59,59,1.0,0.9954666244480256,0.030208770185709,True,8,0
86,00801-HaxA7YrQdEC-000009,/home/sousuke/habitat-lab/data/scene_datasets/hm3d/minival/00801-HaxA7YrQdEC/HaxA7YrQdEC.basis.glb,reorientation,reorientation;long_route;multi_turn;low_clearance,8.679299354553223,5,1.0,77,77,1.0,0.9943161533714397,0.02525349333882332,True,34,0
87,00801-HaxA7YrQdEC-000001,/home/sousuke/habitat-lab/data/scene_datasets/hm3d/minival/00801-HaxA7YrQdEC/HaxA7YrQdEC.basis.glb,long_route,long_route;multi_turn;low_clearance,12.306585311889648,6,1.0,91,91,1.0,0.9919332635647512,0.17332522571086884,True,50,0
88,00801-HaxA7YrQdEC-000021,/home/sousuke/habitat-lab/data/scene_datasets/hm3d/minival/00801-HaxA7YrQdEC/HaxA7YrQdEC.basis.glb,long_route,long_route;multi_turn;low_clearance,9.855419158935547,2,1.0,62,62,1.0,1.0,0.0990649089217186,True,11,0
89,00801-HaxA7YrQdEC-000014,/home/sousuke/habitat-lab/data/scene_datasets/hm3d/minival/00801-HaxA7YrQdEC/HaxA7YrQdEC.basis.glb,reorientation,reorientation;long_route;multi_turn;low_clearance,14.881789207458496,7,1.0,126,126,1.0,0.9973610925169056,0.1784404069185257,True,88,0
90,00770-NBg5UqG3di3-000029,/home/sousuke/habitat-lab/data/scene_datasets/hm3d/example/00770-NBg5UqG3di3/NBg5UqG3di3.basis.glb,reorientation,reorientation;long_route;multi_turn,10.006418228149414,3,0.5833333333333334,84,84,1.0,0.9973775133970338,0.031185079365968704,True,43,0
91,00770-NBg5UqG3di3-000016,/home/sousuke/habitat-lab/data/scene_datasets/hm3d/example/00770-NBg5UqG3di3/NBg5UqG3di3.basis.glb,long_route,long_route,10.622340202331543,1,0.6538461538461539,65,65,1.0,1.0,0.1595228910446167,True,10,0
92,00770-NBg5UqG3di3-000017,/home/sousuke/habitat-lab/data/scene_datasets/hm3d/example/00770-NBg5UqG3di3/NBg5UqG3di3.basis.glb,multi_turn,multi_turn;long_route;low_clearance,8.879687309265137,2,0.8260869565217391,53,53,1.0,1.0,0.08739665895700455,True,14,0
93,00770-NBg5UqG3di3-000022,/home/sousuke/habitat-lab/data/scene_datasets/hm3d/example/00770-NBg5UqG3di3/NBg5UqG3di3.basis.glb,multi_turn,multi_turn;long_route;low_clearance,12.550495147705078,2,0.8275862068965517,84,84,1.0,1.0,0.027691872790455818,True,24,0
94,00770-NBg5UqG3di3-000014,/home/sousuke/habitat-lab/data/scene_datasets/hm3d/example/00770-NBg5UqG3di3/NBg5UqG3di3.basis.glb,reorientation,reorientation;long_route,9.61723518371582,1,0.6,65,65,1.0,1.0,0.11457537114620209,True,18,0
95,00770-NBg5UqG3di3-000003,/home/sousuke/habitat-lab/data/scene_datasets/hm3d/example/00770-NBg5UqG3di3/NBg5UqG3di3.basis.glb,low_clearance,low_clearance;long_route,8.843794822692871,1,0.8636363636363636,54,54,1.0,1.0,0.12424250692129135,True,20,0
96,00770-NBg5UqG3di3-000002,/home/sousuke/habitat-lab/data/scene_datasets/hm3d/example/00770-NBg5UqG3di3/NBg5UqG3di3.basis.glb,multi_turn,multi_turn,5.6252899169921875,2,0.5714285714285714,43,43,1.0,1.0,0.14722606539726257,True,23,0
97,00770-NBg5UqG3di3-000013,/home/sousuke/habitat-lab/data/scene_datasets/hm3d/example/00770-NBg5UqG3di3/NBg5UqG3di3.basis.glb,low_clearance,low_clearance;long_route;multi_turn,10.311300277709961,2,0.875,60,60,1.0,1.0,0.07345646619796753,True,9,0
98,00770-NBg5UqG3di3-000006,/home/sousuke/habitat-lab/data/scene_datasets/hm3d/example/00770-NBg5UqG3di3/NBg5UqG3di3.basis.glb,long_route,long_route;low_clearance,8.923604011535645,1,0.9047619047619048,67,67,1.0,1.0,0.19207629561424255,True,20,0
99,00770-NBg5UqG3di3-000009,/home/sousuke/habitat-lab/data/scene_datasets/hm3d/example/00770-NBg5UqG3di3/NBg5UqG3di3.basis.glb,reorientation,reorientation;multi_turn;low_clearance,3.4914488792419434,2,0.9,49,49,1.0,0.9851995762804333,0.04866437986493111,True,27,0
100,00770-NBg5UqG3di3-000028,/home/sousuke/habitat-lab/data/scene_datasets/hm3d/example/00770-NBg5UqG3di3/NBg5UqG3di3.basis.glb,low_clearance,low_clearance;multi_turn,6.9729413986206055,2,0.8235294117647058,58,58,1.0,0.9961347548219005,0.028431829065084457,True,17,0
101,00770-NBg5UqG3di3-000027,/home/sousuke/habitat-lab/data/scene_datasets/hm3d/example/00770-NBg5UqG3di3/NBg5UqG3di3.basis.glb,multi_turn,multi_turn;long_route,12.088356018066406,2,0.6206896551724138,73,73,1.0,1.0,0.09231001883745193,True,14,0
102,00770-NBg5UqG3di3-000015,/home/sousuke/habitat-lab/data/scene_datasets/hm3d/example/00770-NBg5UqG3di3/NBg5UqG3di3.basis.glb,standard,standard;long_route,12.816219329833984,1,0.6428571428571429,80,80,1.0,1.0,0.10208764672279358,True,22,0
103,00770-NBg5UqG3di3-000021,/home/sousuke/habitat-lab/data/scene_datasets/hm3d/example/00770-NBg5UqG3di3/NBg5UqG3di3.basis.glb,long_route,long_route;multi_turn;low_clearance,14.415058135986328,2,0.8181818181818182,84,84,1.0,1.0,0.1699528992176056,True,14,0
104,00770-NBg5UqG3di3-000004,/home/sousuke/habitat-lab/data/scene_datasets/hm3d/example/00770-NBg5UqG3di3/NBg5UqG3di3.basis.glb,reorientation,reorientation;long_route;multi_turn,11.132270812988281,2,0.6,80,80,1.0,1.0,0.08474384248256683,True,32,0
105,00770-NBg5UqG3di3-000018,/home/sousuke/habitat-lab/data/scene_datasets/hm3d/example/00770-NBg5UqG3di3/NBg5UqG3di3.basis.glb,low_clearance,low_clearance,5.301513195037842,1,0.9333333333333333,46,46,1.0,1.0,0.03438340872526169,True,16,0
106,00770-NBg5UqG3di3-000001,/home/sousuke/habitat-lab/data/scene_datasets/hm3d/example/00770-NBg5UqG3di3/NBg5UqG3di3.basis.glb,long_route,long_route;low_clearance,11.223564147949219,0,0.92,69,69,1.0,0.9974982481782988,0.014943424612283707,True,17,0
107,00770-NBg5UqG3di3-000024,/home/sousuke/habitat-lab/data/scene_datasets/hm3d/example/00770-NBg5UqG3di3/NBg5UqG3di3.basis.glb,reorientation,reorientation;long_route;low_clearance,8.399848937988281,1,0.8947368421052632,63,63,1.0,1.0,0.18522049486637115,True,18,0
108,00770-NBg5UqG3di3-000005,/home/sousuke/habitat-lab/data/scene_datasets/hm3d/example/00770-NBg5UqG3di3/NBg5UqG3di3.basis.glb,standard,standard;long_route,8.341375350952148,0,0.05555555555555555,36,36,1.0,1.0,0.11284065246582031,True,1,0
109,00770-NBg5UqG3di3-000010,/home/sousuke/habitat-lab/data/scene_datasets/hm3d/example/00770-NBg5UqG3di3/NBg5UqG3di3.basis.glb,standard,standard;long_route;low_clearance,14.683782577514648,0,0.8787878787878788,76,76,1.0,0.9947061109815096,0.03954598680138588,True,7,0
110,00770-NBg5UqG3di3-000020,/home/sousuke/habitat-lab/data/scene_datasets/hm3d/example/00770-NBg5UqG3di3/NBg5UqG3di3.basis.glb,standard,standard;long_route;low_clearance,8.504796981811523,1,0.75,52,52,1.0,1.0,0.014662934467196465,True,11,0
111,00770-NBg5UqG3di3-000008,/home/sousuke/habitat-lab/data/scene_datasets/hm3d/example/00770-NBg5UqG3di3/NBg5UqG3di3.basis.glb,low_clearance,low_clearance,3.565314769744873,0,1.0,34,34,1.0,1.0,0.07152184844017029,True,12,0
112,00770-NBg5UqG3di3-000023,/home/sousuke/habitat-lab/data/scene_datasets/hm3d/example/00770-NBg5UqG3di3/NBg5UqG3di3.basis.glb,low_clearance,low_clearance;long_route,9.79344367980957,1,0.7272727272727273,58,58,1.0,1.0,0.095185786485672,True,13,0
113,00770-NBg5UqG3di3-000019,/home/sousuke/habitat-lab/data/scene_datasets/hm3d/example/00770-NBg5UqG3di3/NBg5UqG3di3.basis.glb,reorientation,reorientation;long_route;low_clearance,9.068845748901367,1,0.8571428571428571,63,63,1.0,1.0,0.08165536820888519,True,21,0
114,00770-NBg5UqG3di3-000025,/home/sousuke/habitat-lab/data/scene_datasets/hm3d/example/00770-NBg5UqG3di3/NBg5UqG3di3.basis.glb,standard,standard,6.666250705718994,0,0.13333333333333333,41,41,1.0,1.0,0.1816682666540146,True,12,0
115,00770-NBg5UqG3di3-000000,/home/sousuke/habitat-lab/data/scene_datasets/hm3d/example/00770-NBg5UqG3di3/NBg5UqG3di3.basis.glb,standard,standard,4.302226543426514,0,0.0,33,33,1.0,1.0,0.06402859836816788,True,13,0
116,00770-NBg5UqG3di3-000012,/home/sousuke/habitat-lab/data/scene_datasets/hm3d/example/00770-NBg5UqG3di3/NBg5UqG3di3.basis.glb,multi_turn,multi_turn;long_route;low_clearance,12.986957550048828,2,0.7931034482758621,86,86,1.0,0.9982759265321947,0.011257939971983433,True,41,0
117,00770-NBg5UqG3di3-000007,/home/sousuke/habitat-lab/data/scene_datasets/hm3d/example/00770-NBg5UqG3di3/NBg5UqG3di3.basis.glb,multi_turn,multi_turn;long_route;low_clearance,10.87009334564209,2,0.9230769230769231,76,76,1.0,1.0,0.11857044696807861,True,30,0
118,00770-NBg5UqG3di3-000011,/home/sousuke/habitat-lab/data/scene_datasets/hm3d/example/00770-NBg5UqG3di3/NBg5UqG3di3.basis.glb,long_route,long_route;multi_turn;low_clearance,10.750066757202148,2,0.72,76,76,1.0,0.9994045213677701,0.023902226239442825,True,22,0
119,00770-NBg5UqG3di3-000026,/home/sousuke/habitat-lab/data/scene_datasets/hm3d/example/00770-NBg5UqG3di3/NBg5UqG3di3.basis.glb,long_route,long_route;multi_turn,11.108586311340332,3,0.6153846153846154,61,61,1.0,1.0,0.10776743292808533,True,21,0
120,00803-k1cupFYWXJ6-000023,/home/sousuke/habitat-lab/data/scene_datasets/hm3d/minival/00803-k1cupFYWXJ6/k1cupFYWXJ6.basis.glb,low_clearance,low_clearance,4.928849220275879,0,1.0,23,23,1.0,1.0,0.19847142696380615,True,2,0
121,00803-k1cupFYWXJ6-000011,/home/sousuke/habitat-lab/data/scene_datasets/hm3d/minival/00803-k1cupFYWXJ6/k1cupFYWXJ6.basis.glb,long_route,long_route;multi_turn;low_clearance,13.234867095947266,6,1.0,107,107,1.0,0.9599684587792391,0.07258997857570648,True,68,0
122,00803-k1cupFYWXJ6-000008,/home/sousuke/habitat-lab/data/scene_datasets/hm3d/minival/00803-k1cupFYWXJ6/k1cupFYWXJ6.basis.glb,low_clearance,low_clearance;long_route,9.453262329101562,0,0.8260869565217391,52,52,1.0,1.0,0.1594974398612976,True,8,0
123,00803-k1cupFYWXJ6-000024,/home/sousuke/habitat-lab/data/scene_datasets/hm3d/minival/00803-k1cupFYWXJ6/k1cupFYWXJ6.basis.glb,reorientation,reorientation;long_route;multi_turn;low_clearance,13.372479438781738,6,1.0,112,112,1.0,0.9594763165190793,0.11345653235912323,True,63,0
124,00803-k1cupFYWXJ6-000005,/home/sousuke/habitat-lab/data/scene_datasets/hm3d/minival/00803-k1cupFYWXJ6/k1cupFYWXJ6.basis.glb,standard,standard,3.396411418914795,0,0.125,20,20,1.0,1.0,0.1532086730003357,True,5,0
125,00803-k1cupFYWXJ6-000027,/home/sousuke/habitat-lab/data/scene_datasets/hm3d/minival/00803-k1cupFYWXJ6/k1cupFYWXJ6.basis.glb,multi_turn,multi_turn;long_route;low_clearance,9.83289909362793,5,1.0,82,82,1.0,0.9805424562401693,0.15226957201957703,True,59,0
126,00803-k1cupFYWXJ6-000010,/home/sousuke/habitat-lab/data/scene_datasets/hm3d/minival/00803-k1cupFYWXJ6/k1cupFYWXJ6.basis.glb,standard,standard;long_route;multi_turn;low_clearance,14.919326782226562,5,0.9166666666666666,103,103,1.0,0.9677492615303763,0.042526621371507645,True,52,0
127,00803-k1cupFYWXJ6-000017,/home/sousuke/habitat-lab/data/scene_datasets/hm3d/minival/00803-k1cupFYWXJ6/k1cupFYWXJ6.basis.glb,multi_turn,multi_turn;long_route;low_clearance,14.162901878356934,3,0.9142857142857143,112,112,1.0,0.9680628447778784,0.08213747292757034,True,61,0
128,00803-k1cupFYWXJ6-000007,/home/sousuke/habitat-lab/data/scene_datasets/hm3d/minival/00803-k1cupFYWXJ6/k1cupFYWXJ6.basis.glb,multi_turn,multi_turn;low_clearance,4.141225337982178,3,1.0,47,47,1.0,1.0,0.14526788890361786,True,30,0
129,00803-k1cupFYWXJ6-000001,/home/sousuke/habitat-lab/data/scene_datasets/hm3d/minival/00803-k1cupFYWXJ6/k1cupFYWXJ6.basis.glb,long_route,long_route;multi_turn;low_clearance,11.80860424041748,5,0.967741935483871,81,81,1.0,0.9778463564665795,0.1507839411497116,True,47,0
130,00803-k1cupFYWXJ6-000019,/home/sousuke/habitat-lab/data/scene_datasets/hm3d/minival/00803-k1cupFYWXJ6/k1cupFYWXJ6.basis.glb,reorientation,reorientation;low_clearance,5.451216697692871,0,0.9166666666666666,43,43,1.0,0.9855037494323637,0.045861806720495224,True,17,0
131,00803-k1cupFYWXJ6-000004,/home/sousuke/habitat-lab/data/scene_datasets/hm3d/minival/00803-k1cupFYWXJ6/k1cupFYWXJ6.basis.glb,reorientation,reorientation;low_clearance,4.4045820236206055,1,1.0,48,48,1.0,1.0,0.15504536032676697,True,26,0
132,00803-k1cupFYWXJ6-000020,/home/sousuke/habitat-lab/data/scene_datasets/hm3d/minival/00803-k1cupFYWXJ6/k1cupFYWXJ6.basis.glb,standard,standard;low_clearance,4.306681156158447,0,1.0,21,21,1.0,1.0,0.07458857446908951,True,2,0
133,00803-k1cupFYWXJ6-000015,/home/sousuke/habitat-lab/data/scene_datasets/hm3d/minival/00803-k1cupFYWXJ6/k1cupFYWXJ6.basis.glb,standard,standard;long_route;multi_turn;low_clearance,13.600215911865234,5,0.9705882352941176,90,90,1.0,0.9659895509865445,0.12902995944023132,True,30,0
134,00803-k1cupFYWXJ6-000006,/home/sousuke/habitat-lab/data/scene_datasets/hm3d/minival/00803-k1cupFYWXJ6/k1cupFYWXJ6.basis.glb,long_route,long_route;multi_turn;low_clearance,9.188342094421387,3,1.0,55,55,1.0,0.9892402393284263,0.19581261277198792,True,28,0
135,00803-k1cupFYWXJ6-000025,/home/sousuke/habitat-lab/data/scene_datasets/hm3d/minival/00803-k1cupFYWXJ6/k1cupFYWXJ6.basis.glb,standard,standard;low_clearance,6.986736297607422,1,1.0,41,41,1.0,0.9981051237560838,0.019097115844488144,True,5,0
136,00803-k1cupFYWXJ6-000016,/home/sousuke/habitat-lab/data/scene_datasets/hm3d/minival/00803-k1cupFYWXJ6/k1cupFYWXJ6.basis.glb,long_route,long_route;low_clearance,9.8296537399292,1,0.9130434782608695,71,71,1.0,1.0,0.1266200989484787,True,23,0
137,00803-k1cupFYWXJ6-000000,/home/sousuke/habitat-lab/data/scene_datasets/hm3d/minival/00803-k1cupFYWXJ6/k1cupFYWXJ6.basis.glb,standard,standard;long_route;multi_turn;low_clearance,11.230290412902832,4,0.896551724137931,85,85,1.0,0.9640751405801075,0.02008640579879284,True,43,0
138,00803-k1cupFYWXJ6-000028,/home/sousuke/habitat-lab/data/scene_datasets/hm3d/minival/00803-k1cupFYWXJ6/k1cupFYWXJ6.basis.glb,low_clearance,low_clearance,7.170032501220703,1,1.0,49,49,1.0,1.0,0.14960338175296783,True,15,0
139,00803-k1cupFYWXJ6-000014,/home/sousuke/habitat-lab/data/scene_datasets/hm3d/minival/00803-k1cupFYWXJ6/k1cupFYWXJ6.basis.glb,reorientation,reorientation;multi_turn;low_clearance,5.397173881530762,2,0.7142857142857143,53,53,1.0,1.0,0.16955037415027618,True,31,0
140,00803-k1cupFYWXJ6-000002,/home/sousuke/habitat-lab/data/scene_datasets/hm3d/minival/00803-k1cupFYWXJ6/k1cupFYWXJ6.basis.glb,multi_turn,multi_turn;long_route;low_clearance,14.596831321716309,6,0.9714285714285714,110,110,1.0,0.9652190962990075,0.04044701159000397,True,55,0
141,00803-k1cupFYWXJ6-000003,/home/sousuke/habitat-lab/data/scene_datasets/hm3d/minival/00803-k1cupFYWXJ6/k1cupFYWXJ6.basis.glb,low_clearance,low_clearance,4.0159125328063965,1,1.0,35,35,1.0,1.0,0.007819718681275845,True,13,0
142,00803-k1cupFYWXJ6-000013,/home/sousuke/habitat-lab/data/scene_datasets/hm3d/minival/00803-k1cupFYWXJ6/k1cupFYWXJ6.basis.glb,low_clearance,low_clearance;long_route;multi_turn,10.878828048706055,3,0.8461538461538461,70,70,1.0,0.977000815647222,0.07934609055519104,True,37,0
143,00803-k1cupFYWXJ6-000018,/home/sousuke/habitat-lab/data/scene_datasets/hm3d/minival/00803-k1cupFYWXJ6/k1cupFYWXJ6.basis.glb,low_clearance,low_clearance;long_route;multi_turn,10.238151550292969,6,1.0,88,88,1.0,0.9574589493372082,0.03041791543364525,True,57,0
144,00803-k1cupFYWXJ6-000022,/home/sousuke/habitat-lab/data/scene_datasets/hm3d/minival/00803-k1cupFYWXJ6/k1cupFYWXJ6.basis.glb,multi_turn,multi_turn;long_route;low_clearance,12.991172790527344,5,0.9090909090909091,84,84,1.0,0.9912693133553496,0.11136084794998169,True,33,0
145,00803-k1cupFYWXJ6-000012,/home/sousuke/habitat-lab/data/scene_datasets/hm3d/minival/00803-k1cupFYWXJ6/k1cupFYWXJ6.basis.glb,multi_turn,multi_turn;long_route;low_clearance,8.736863136291504,3,0.9523809523809523,55,55,1.0,0.9691549167101211,0.04578510671854019,True,28,0
146,00803-k1cupFYWXJ6-000026,/home/sousuke/habitat-lab/data/scene_datasets/hm3d/minival/00803-k1cupFYWXJ6/k1cupFYWXJ6.basis.glb,long_route,long_route;multi_turn;low_clearance,11.686117172241211,3,0.7241379310344828,78,78,1.0,0.9722152349634493,0.022065529599785805,True,43,0
147,00803-k1cupFYWXJ6-000029,/home/sousuke/habitat-lab/data/scene_datasets/hm3d/minival/00803-k1cupFYWXJ6/k1cupFYWXJ6.basis.glb,reorientation,reorientation;long_route;low_clearance,8.0205078125,1,0.8421052631578947,59,59,1.0,1.0,0.015930114313960075,True,20,0
148,00803-k1cupFYWXJ6-000009,/home/sousuke/habitat-lab/data/scene_datasets/hm3d/minival/00803-k1cupFYWXJ6/k1cupFYWXJ6.basis.glb,reorientation,reorientation;long_route;low_clearance,10.457019805908203,0,0.88,70,70,1.0,0.9958546000815406,0.01661182940006256,True,17,0
149,00803-k1cupFYWXJ6-000021,/home/sousuke/habitat-lab/data/scene_datasets/hm3d/minival/00803-k1cupFYWXJ6/k1cupFYWXJ6.basis.glb,long_route,long_route;multi_turn;low_clearance,11.830385208129883,5,0.8666666666666667,83,83,1.0,0.9706637972033223,0.091121606528759,True,38,0
150,00861-GLAQ4DNUx5U-000007,/home/sousuke/habitat-lab/data/scene_datasets/hm3d/example/00861-GLAQ4DNUx5U/GLAQ4DNUx5U.basis.glb,multi_turn,multi_turn;long_route;low_clearance,9.990362167358398,2,0.96,65,65,1.0,0.9750110170166423,0.09678192436695099,True,21,0
151,00861-GLAQ4DNUx5U-000000,/home/sousuke/habitat-lab/data/scene_datasets/hm3d/example/00861-GLAQ4DNUx5U/GLAQ4DNUx5U.basis.glb,standard,standard;long_route;multi_turn;low_clearance,14.666210174560547,4,1.0,107,107,1.0,1.0,0.1777760237455368,True,49,0
152,00861-GLAQ4DNUx5U-000021,/home/sousuke/habitat-lab/data/scene_datasets/hm3d/example/00861-GLAQ4DNUx5U/GLAQ4DNUx5U.basis.glb,long_route,long_route;multi_turn;low_clearance,10.876668930053711,3,1.0,88,88,1.0,0.9828777921911704,0.028667494654655457,True,35,0
153,00861-GLAQ4DNUx5U-000009,/home/sousuke/habitat-lab/data/scene_datasets/hm3d/example/00861-GLAQ4DNUx5U/GLAQ4DNUx5U.basis.glb,reorientation,reorientation;long_route;multi_turn;low_clearance,14.480627059936523,6,0.9428571428571428,112,112,1.0,0.9862868306191137,0.16867972910404205,True,71,0
154,00861-GLAQ4DNUx5U-000018,/home/sousuke/habitat-lab/data/scene_datasets/hm3d/example/00861-GLAQ4DNUx5U/GLAQ4DNUx5U.basis.glb,low_clearance,low_clearance;long_route;multi_turn,9.394660949707031,2,1.0,59,59,1.0,1.0,0.19231101870536804,True,13,0
155,00861-GLAQ4DNUx5U-000013,/home/sousuke/habitat-lab/data/scene_datasets/hm3d/example/00861-GLAQ4DNUx5U/GLAQ4DNUx5U.basis.glb,low_clearance,low_clearance;long_route;multi_turn,8.14368724822998,2,0.8947368421052632,65,65,1.0,1.0,0.10216422379016876,True,23,0
156,00861-GLAQ4DNUx5U-000024,/home/sousuke/habitat-lab/data/scene_datasets/hm3d/example/00861-GLAQ4DNUx5U/GLAQ4DNUx5U.basis.glb,reorientation,reorientation;long_route;multi_turn;low_clearance,12.660255432128906,3,1.0,91,91,1.0,1.0,0.13925093412399292,True,34,0
157,00861-GLAQ4DNUx5U-000017,/home/sousuke/habitat-lab/data/scene_datasets/hm3d/example/00861-GLAQ4DNUx5U/GLAQ4DNUx5U.basis.glb,multi_turn,multi_turn;long_route;low_clearance,11.13146686553955,5,0.9259259259259259,85,85,1.0,0.9907312739217286,0.069597527384758,True,37,0
158,00861-GLAQ4DNUx5U-000028,/home/sousuke/habitat-lab/data/scene_datasets/hm3d/example/00861-GLAQ4DNUx5U/GLAQ4DNUx5U.basis.glb,low_clearance,low_clearance;multi_turn,6.820356845855713,2,0.9375,59,59,1.0,1.0,0.05685706064105034,True,27,0
159,00861-GLAQ4DNUx5U-000020,/home/sousuke/habitat-lab/data/scene_datasets/hm3d/example/00861-GLAQ4DNUx5U/GLAQ4DNUx5U.basis.glb,standard,standard;long_route;multi_turn;low_clearance,12.679317474365234,3,1.0,85,85,1.0,1.0,0.1920352578163147,True,38,0
160,00861-GLAQ4DNUx5U-000011,/home/sousuke/habitat-lab/data/scene_datasets/hm3d/example/00861-GLAQ4DNUx5U/GLAQ4DNUx5U.basis.glb,long_route,long_route;low_clearance,8.403225898742676,0,0.9,65,65,1.0,1.0,0.1625232994556427,True,22,0
161,00861-GLAQ4DNUx5U-000006,/home/sousuke/habitat-lab/data/scene_datasets/hm3d/example/00861-GLAQ4DNUx5U/GLAQ4DNUx5U.basis.glb,long_route,long_route;multi_turn;low_clearance,12.618287086486816,5,0.967741935483871,97,97,1.0,0.9820205149080659,0.10120369493961334,True,53,0
162,00861-GLAQ4DNUx5U-000008,/home/sousuke/habitat-lab/data/scene_datasets/hm3d/example/00861-GLAQ4DNUx5U/GLAQ4DNUx5U.basis.glb,low_clearance,low_clearance;long_route,10.088590621948242,1,1.0,69,69,1.0,1.0,0.09640169143676758,True,22,0
163,00861-GLAQ4DNUx5U-000019,/home/sousuke/habitat-lab/data/scene_datasets/hm3d/example/00861-GLAQ4DNUx5U/GLAQ4DNUx5U.basis.glb,reorientation,reorientation;long_route;low_clearance,10.104605674743652,1,0.9545454545454546,67,67,1.0,1.0,0.11833088845014572,True,20,0
164,00861-GLAQ4DNUx5U-000010,/home/sousuke/habitat-lab/data/scene_datasets/hm3d/example/00861-GLAQ4DNUx5U/GLAQ4DNUx5U.basis.glb,standard,standard;low_clearance,2.48364520072937,0,1.0,30,30,1.0,0.9893855817685788,0.03568970784544945,True,14,0
165,00861-GLAQ4DNUx5U-000005,/home/sousuke/habitat-lab/data/scene_datasets/hm3d/example/00861-GLAQ4DNUx5U/GLAQ4DNUx5U.basis.glb,standard,standard;long_route;multi_turn;low_clearance,10.166654586791992,3,1.0,80,80,1.0,1.0,0.16678555309772491,True,35,0
166,00861-GLAQ4DNUx5U-000001,/home/sousuke/habitat-lab/data/scene_datasets/hm3d/example/00861-GLAQ4DNUx5U/GLAQ4DNUx5U.basis.glb,long_route,long_route;multi_turn;low_clearance,11.709508895874023,3,0.9655172413793104,88,88,1.0,0.9825295217008699,0.05663132667541504,True,15,0
167,00861-GLAQ4DNUx5U-000016,/home/sousuke/habitat-lab/data/scene_datasets/hm3d/example/00861-GLAQ4DNUx5U/GLAQ4DNUx5U.basis.glb,long_route,long_route;multi_turn;low_clearance,13.8438720703125,4,1.0,97,97,1.0,1.0,0.07752322405576706,True,29,0
168,00861-GLAQ4DNUx5U-000027,/home/sousuke/habitat-lab/data/scene_datasets/hm3d/example/00861-GLAQ4DNUx5U/GLAQ4DNUx5U.basis.glb,multi_turn,multi_turn;long_route;low_clearance,14.158407211303711,3,1.0,101,101,1.0,1.0,0.04755733162164688,True,23,0
169,00861-GLAQ4DNUx5U-000026,/home/sousuke/habitat-lab/data/scene_datasets/hm3d/example/00861-GLAQ4DNUx5U/GLAQ4DNUx5U.basis.glb,long_route,long_route;multi_turn;low_clearance,12.82854175567627,3,1.0,94,94,1.0,1.0,0.04667847231030464,True,21,0
170,00861-GLAQ4DNUx5U-000004,/home/sousuke/habitat-lab/data/scene_datasets/hm3d/example/00861-GLAQ4DNUx5U/GLAQ4DNUx5U.basis.glb,reorientation,reorientation;low_clearance,3.017165422439575,1,1.0,45,45,1.0,1.0,0.039246730506420135,True,22,0
171,00861-GLAQ4DNUx5U-000025,/home/sousuke/habitat-lab/data/scene_datasets/hm3d/example/00861-GLAQ4DNUx5U/GLAQ4DNUx5U.basis.glb,standard,standard;low_clearance,3.4338057041168213,1,1.0,37,37,1.0,0.981087202016946,0.0373079888522625,True,15,0
172,00861-GLAQ4DNUx5U-000023,/home/sousuke/habitat-lab/data/scene_datasets/hm3d/example/00861-GLAQ4DNUx5U/GLAQ4DNUx5U.basis.glb,low_clearance,low_clearance,7.29659366607666,1,1.0,57,57,1.0,1.0,0.06260532140731812,True,13,0
173,00861-GLAQ4DNUx5U-000015,/home/sousuke/habitat-lab/data/scene_datasets/hm3d/example/00861-GLAQ4DNUx5U/GLAQ4DNUx5U.basis.glb,standard,standard;low_clearance,3.008333683013916,1,1.0,28,28,1.0,0.9967538995556763,0.024105409160256386,True,11,0
174,00861-GLAQ4DNUx5U-000003,/home/sousuke/habitat-lab/data/scene_datasets/hm3d/example/00861-GLAQ4DNUx5U/GLAQ4DNUx5U.basis.glb,low_clearance,low_clearance,2.607339382171631,0,1.0,22,22,1.0,1.0,0.11309992522001266,True,8,0
175,00861-GLAQ4DNUx5U-000022,/home/sousuke/habitat-lab/data/scene_datasets/hm3d/example/00861-GLAQ4DNUx5U/GLAQ4DNUx5U.basis.glb,multi_turn,multi_turn;long_route;low_clearance,10.265320777893066,4,0.9230769230769231,78,78,1.0,1.0,0.03846850246191025,True,41,0
176,00861-GLAQ4DNUx5U-000012,/home/sousuke/habitat-lab/data/scene_datasets/hm3d/example/00861-GLAQ4DNUx5U/GLAQ4DNUx5U.basis.glb,multi_turn,multi_turn;long_route;low_clearance,10.421013832092285,4,1.0,88,88,1.0,1.0,0.08305530995130539,True,31,0
177,00861-GLAQ4DNUx5U-000002,/home/sousuke/habitat-lab/data/scene_datasets/hm3d/example/00861-GLAQ4DNUx5U/GLAQ4DNUx5U.basis.glb,multi_turn,multi_turn;long_route;low_clearance,8.068113327026367,3,0.85,66,66,1.0,0.9276041517046256,0.04590476676821709,True,44,0
178,00861-GLAQ4DNUx5U-000029,/home/sousuke/habitat-lab/data/scene_datasets/hm3d/example/00861-GLAQ4DNUx5U/GLAQ4DNUx5U.basis.glb,reorientation,reorientation;multi_turn;low_clearance,7.787418365478516,3,1.0,69,69,1.0,1.0,0.01315793115645647,True,28,0
179,00861-GLAQ4DNUx5U-000014,/home/sousuke/habitat-lab/data/scene_datasets/hm3d/example/00861-GLAQ4DNUx5U/GLAQ4DNUx5U.basis.glb,reorientation,reorientation;low_clearance,4.987468719482422,1,1.0,46,46,1.0,0.9949795240352906,0.02559673599898815,True,19,0
180,00800-TEEsavR23oF-000024,/home/sousuke/habitat-lab/data/scene_datasets/hm3d/minival/00800-TEEsavR23oF/TEEsavR23oF.basis.glb,reorientation,reorientation;long_route;multi_turn;low_clearance,11.315083503723145,2,0.9230769230769231,83,83,1.0,1.0,0.03614993765950203,True,24,0
181,00800-TEEsavR23oF-000010,/home/sousuke/habitat-lab/data/scene_datasets/hm3d/minival/00800-TEEsavR23oF/TEEsavR23oF.basis.glb,standard,standard;long_route;multi_turn;low_clearance,11.663642883300781,3,1.0,88,88,1.0,1.0,0.14718930423259735,True,19,0
182,00800-TEEsavR23oF-000005,/home/sousuke/habitat-lab/data/scene_datasets/hm3d/minival/00800-TEEsavR23oF/TEEsavR23oF.basis.glb,standard,standard;low_clearance,7.605358123779297,1,1.0,57,57,1.0,1.0,0.07790278643369675,True,17,0
183,00800-TEEsavR23oF-000007,/home/sousuke/habitat-lab/data/scene_datasets/hm3d/minival/00800-TEEsavR23oF/TEEsavR23oF.basis.glb,multi_turn,multi_turn;long_route;low_clearance,14.690824508666992,2,0.972972972972973,95,95,1.0,0.9721011998278383,0.013206100091338158,True,48,0
184,00800-TEEsavR23oF-000013,/home/sousuke/habitat-lab/data/scene_datasets/hm3d/minival/00800-TEEsavR23oF/TEEsavR23oF.basis.glb,low_clearance,low_clearance;long_route,12.373981475830078,0,0.7931034482758621,68,68,1.0,1.0,0.16942381858825684,True,11,0
185,00800-TEEsavR23oF-000000,/home/sousuke/habitat-lab/data/scene_datasets/hm3d/minival/00800-TEEsavR23oF/TEEsavR23oF.basis.glb,standard,standard;long_route;multi_turn;low_clearance,9.537052154541016,3,0.8333333333333334,75,75,1.0,0.9623237180431256,0.010182530619204044,True,44,0
186,00800-TEEsavR23oF-000004,/home/sousuke/habitat-lab/data/scene_datasets/hm3d/minival/00800-TEEsavR23oF/TEEsavR23oF.basis.glb,reorientation,reorientation;multi_turn;low_clearance,7.3117547035217285,2,1.0,62,62,1.0,1.0,0.05097576230764389,True,20,0
187,00800-TEEsavR23oF-000022,/home/sousuke/habitat-lab/data/scene_datasets/hm3d/minival/00800-TEEsavR23oF/TEEsavR23oF.basis.glb,multi_turn,multi_turn;long_route;low_clearance,13.03589153289795,2,0.9310344827586207,84,84,1.0,1.0,0.08420603722333908,True,11,0
188,00800-TEEsavR23oF-000020,/home/sousuke/habitat-lab/data/scene_datasets/hm3d/minival/00800-TEEsavR23oF/TEEsavR23oF.basis.glb,standard,standard;long_route;multi_turn;low_clearance,10.923162460327148,3,1.0,83,83,1.0,1.0,0.13850511610507965,True,41,0
189,00800-TEEsavR23oF-000029,/home/sousuke/habitat-lab/data/scene_datasets/hm3d/minival/00800-TEEsavR23oF/TEEsavR23oF.basis.glb,reorientation,reorientation;long_route;multi_turn;low_clearance,14.96652889251709,3,1.0,109,109,1.0,1.0,0.18641270697116852,True,57,0
190,00800-TEEsavR23oF-000018,/home/sousuke/habitat-lab/data/scene_datasets/hm3d/minival/00800-TEEsavR23oF/TEEsavR23oF.basis.glb,low_clearance,low_clearance;long_route;multi_turn,9.700121879577637,2,0.9583333333333334,56,56,1.0,0.9862883194146248,0.1375332921743393,True,15,0
191,00800-TEEsavR23oF-000003,/home/sousuke/habitat-lab/data/scene_datasets/hm3d/minival/00800-TEEsavR23oF/TEEsavR23oF.basis.glb,low_clearance,low_clearance;multi_turn,7.325788974761963,2,1.0,49,49,1.0,1.0,0.029688043519854546,True,7,0
192,00800-TEEsavR23oF-000028,/home/sousuke/habitat-lab/data/scene_datasets/hm3d/minival/00800-TEEsavR23oF/TEEsavR23oF.basis.glb,low_clearance,low_clearance;long_route;multi_turn,14.035928726196289,2,0.8823529411764706,89,89,1.0,0.9487299744092709,0.02710787206888199,True,37,0
193,00800-TEEsavR23oF-000011,/home/sousuke/habitat-lab/data/scene_datasets/hm3d/minival/00800-TEEsavR23oF/TEEsavR23oF.basis.glb,long_route,long_route;low_clearance,8.311758041381836,1,1.0,54,54,1.0,1.0,0.07743635773658752,True,10,0
194,00800-TEEsavR23oF-000015,/home/sousuke/habitat-lab/data/scene_datasets/hm3d/minival/00800-TEEsavR23oF/TEEsavR23oF.basis.glb,standard,standard,7.507539749145508,0,0.6470588235294118,48,48,1.0,1.0,0.0425134003162384,True,13,0
195,00800-TEEsavR23oF-000016,/home/sousuke/habitat-lab/data/scene_datasets/hm3d/minival/00800-TEEsavR23oF/TEEsavR23oF.basis.glb,long_route,long_route;low_clearance,10.523649215698242,0,0.8260869565217391,60,60,1.0,1.0,0.06803298741579056,True,12,0
196,00800-TEEsavR23oF-000025,/home/sousuke/habitat-lab/data/scene_datasets/hm3d/minival/00800-TEEsavR23oF/TEEsavR23oF.basis.glb,standard,standard;long_route;multi_turn;low_clearance,9.677423477172852,3,1.0,70,70,1.0,1.0,0.16163668036460876,True,13,0
197,00800-TEEsavR23oF-000019,/home/sousuke/habitat-lab/data/scene_datasets/hm3d/minival/00800-TEEsavR23oF/TEEsavR23oF.basis.glb,reorientation,reorientation;long_route;multi_turn;low_clearance,14.711715698242188,3,0.9166666666666666,107,107,1.0,0.957064391706587,0.029944151639938354,True,61,0
198,00800-TEEsavR23oF-000023,/home/sousuke/habitat-lab/data/scene_datasets/hm3d/minival/00800-TEEsavR23oF/TEEsavR23oF.basis.glb,low_clearance,low_clearance;long_route,11.7526216506958,1,1.0,62,62,1.0,0.967612459397712,0.07286123931407928,True,4,0
199,00800-TEEsavR23oF-000009,/home/sousuke/habitat-lab/data/scene_datasets/hm3d/minival/00800-TEEsavR23oF/TEEsavR23oF.basis.glb,reorientation,reorientation;long_route;multi_turn;low_clearance,8.374238967895508,2,1.0,72,72,1.0,1.0,0.11272551864385605,True,25,0
200,00800-TEEsavR23oF-000026,/home/sousuke/habitat-lab/data/scene_datasets/hm3d/minival/00800-TEEsavR23oF/TEEsavR23oF.basis.glb,long_route,long_route;low_clearance,13.883859634399414,1,1.0,80,80,1.0,0.9875379506745948,0.136471226811409,True,17,0
201,00800-TEEsavR23oF-000021,/home/sousuke/habitat-lab/data/scene_datasets/hm3d/minival/00800-TEEsavR23oF/TEEsavR23oF.basis.glb,long_route,long_route;multi_turn;low_clearance,12.272858619689941,4,0.967741935483871,93,93,1.0,0.9899809862804886,0.19069434702396393,True,36,0
202,00800-TEEsavR23oF-000012,/home/sousuke/habitat-lab/data/scene_datasets/hm3d/minival/00800-TEEsavR23oF/TEEsavR23oF.basis.glb,multi_turn,multi_turn;long_route;low_clearance,14.112552642822266,2,0.7575757575757576,95,95,1.0,1.0,0.16419386863708496,True,20,0
203,00800-TEEsavR23oF-000008,/home/sousuke/habitat-lab/data/scene_datasets/hm3d/minival/00800-TEEsavR23oF/TEEsavR23oF.basis.glb,low_clearance,low_clearance;multi_turn,2.020624876022339,3,1.0,38,38,1.0,1.0,0.06645289063453674,True,23,0
204,00800-TEEsavR23oF-000002,/home/sousuke/habitat-lab/data/scene_datasets/hm3d/minival/00800-TEEsavR23oF/TEEsavR23oF.basis.glb,multi_turn,multi_turn;long_route;low_clearance,8.092388153076172,2,1.0,54,54,1.0,0.9589462121278619,0.13570229709148407,True,27,0
205,00800-TEEsavR23oF-000017,/home/sousuke/habitat-lab/data/scene_datasets/hm3d/minival/00800-TEEsavR23oF/TEEsavR23oF.basis.glb,multi_turn,multi_turn;long_route;low_clearance,11.120704650878906,2,0.8846153846153846,69,69,1.0,0.9550113476993268,0.012633230537176132,True,41,0
206,00800-TEEsavR23oF-000006,/home/sousuke/habitat-lab/data/scene_datasets/hm3d/minival/00800-TEEsavR23oF/TEEsavR23oF.basis.glb,long_route,long_route;multi_turn;low_clearance,10.387243270874023,2,0.9583333333333334,69,69,1.0,1.0,0.14008064568042755,True,13,0
207,00800-TEEsavR23oF-000001,/home/sousuke/habitat-lab/data/scene_datasets/hm3d/minival/00800-TEEsavR23oF/TEEsavR23oF.basis.glb,long_route,long_route;multi_turn;low_clearance,11.875988960266113,3,1.0,81,81,1.0,1.0,0.16616228222846985,True,23,0
208,00800-TEEsavR23oF-000027,/home/sousuke/habitat-lab/data/scene_datasets/hm3d/minival/00800-TEEsavR23oF/TEEsavR23oF.basis.glb,multi_turn,multi_turn;low_clearance,6.594522953033447,2,1.0,47,47,1.0,1.0,0.11621087789535522,True,20,0
209,00800-TEEsavR23oF-000014,/home/sousuke/habitat-lab/data/scene_datasets/hm3d/minival/00800-TEEsavR23oF/TEEsavR23oF.basis.glb,reorientation,reorientation;long_route;multi_turn;low_clearance,9.280223846435547,2,1.0,79,79,1.0,1.0,0.013492546044290066,True,25,0
210,00805-SUHsP6z2gcJ-000023,/home/sousuke/habitat-lab/data/scene_datasets/hm3d/minival/00805-SUHsP6z2gcJ/SUHsP6z2gcJ.basis.glb,low_clearance,low_clearance;long_route,9.474165916442871,1,1.0,58,58,1.0,0.9960565076783323,0.038928523659706116,True,12,0
211,00805-SUHsP6z2gcJ-000013,/home/sousuke/habitat-lab/data/scene_datasets/hm3d/minival/00805-SUHsP6z2gcJ/SUHsP6z2gcJ.basis.glb,low_clearance,low_clearance;long_route;multi_turn,8.806937217712402,3,1.0,70,70,1.0,1.0,0.027938667684793472,True,26,0
212,00805-SUHsP6z2gcJ-000003,/home/sousuke/habitat-lab/data/scene_datasets/hm3d/minival/00805-SUHsP6z2gcJ/SUHsP6z2gcJ.basis.glb,low_clearance,low_clearance,7.914198875427246,0,1.0,43,43,1.0,1.0,0.18619558215141296,True,8,0
213,00805-SUHsP6z2gcJ-000021,/home/sousuke/habitat-lab/data/scene_datasets/hm3d/minival/00805-SUHsP6z2gcJ/SUHsP6z2gcJ.basis.glb,long_route,long_route;multi_turn;low_clearance,8.984186172485352,3,1.0,59,59,1.0,0.9979800950751997,0.051591742783784866,True,11,0
214,00805-SUHsP6z2gcJ-000012,/home/sousuke/habitat-lab/data/scene_datasets/hm3d/minival/00805-SUHsP6z2gcJ/SUHsP6z2gcJ.basis.glb,multi_turn,multi_turn;long_route;low_clearance,13.778764724731445,5,0.9714285714285714,117,117,1.0,0.9995893399587346,0.02787504345178604,True,49,0
215,00805-SUHsP6z2gcJ-000017,/home/sousuke/habitat-lab/data/scene_datasets/hm3d/minival/00805-SUHsP6z2gcJ/SUHsP6z2gcJ.basis.glb,multi_turn,multi_turn;long_route;low_clearance,9.968548774719238,4,1.0,92,92,1.0,1.0,0.1707882136106491,True,50,0
216,00805-SUHsP6z2gcJ-000001,/home/sousuke/habitat-lab/data/scene_datasets/hm3d/minival/00805-SUHsP6z2gcJ/SUHsP6z2gcJ.basis.glb,long_route,long_route;multi_turn;low_clearance,9.24557876586914,2,0.9545454545454546,65,65,1.0,0.992109614198242,0.015231157653033733,True,15,0
217,00805-SUHsP6z2gcJ-000025,/home/sousuke/habitat-lab/data/scene_datasets/hm3d/minival/00805-SUHsP6z2gcJ/SUHsP6z2gcJ.basis.glb,standard,standard;low_clearance,2.4138545989990234,0,1.0,30,30,1.0,1.0,0.1771591603755951,True,17,0
218,00805-SUHsP6z2gcJ-000028,/home/sousuke/habitat-lab/data/scene_datasets/hm3d/minival/00805-SUHsP6z2gcJ/SUHsP6z2gcJ.basis.glb,low_clearance,low_clearance;long_route;multi_turn,10.86328125,4,1.0,75,75,1.0,1.0,0.04675815999507904,True,14,0
219,00805-SUHsP6z2gcJ-000004,/home/sousuke/habitat-lab/data/scene_datasets/hm3d/minival/00805-SUHsP6z2gcJ/SUHsP6z2gcJ.basis.glb,reorientation,reorientation;long_route;low_clearance,9.10024356842041,1,0.9523809523809523,66,66,1.0,1.0,0.13587313890457153,True,22,0
220,00805-SUHsP6z2gcJ-000009,/home/sousuke/habitat-lab/data/scene_datasets/hm3d/minival/00805-SUHsP6z2gcJ/SUHsP6z2gcJ.basis.glb,reorientation,reorientation;low_clearance,2.3482391834259033,0,1.0,31,31,1.0,1.0,0.09888475388288498,True,18,0
221,00805-SUHsP6z2gcJ-000008,/home/sousuke/habitat-lab/data/scene_datasets/hm3d/minival/00805-SUHsP6z2gcJ/SUHsP6z2gcJ.basis.glb,low_clearance,low_clearance,4.058073997497559,1,1.0,41,41,1.0,1.0,0.048324402421712875,True,18,0
222,00805-SUHsP6z2gcJ-000006,/home/sousuke/habitat-lab/data/scene_datasets/hm3d/minival/00805-SUHsP6z2gcJ/SUHsP6z2gcJ.basis.glb,long_route,long_route;multi_turn;low_clearance,10.802767753601074,2,1.0,74,74,1.0,1.0,0.05030347406864166,True,21,0
223,00805-SUHsP6z2gcJ-000005,/home/sousuke/habitat-lab/data/scene_datasets/hm3d/minival/00805-SUHsP6z2gcJ/SUHsP6z2gcJ.basis.glb,standard,standard;low_clearance,7.49854040145874,1,1.0,58,58,1.0,0.99936504922913,0.0087940264493227,True,18,0
224,00805-SUHsP6z2gcJ-000024,/home/sousuke/habitat-lab/data/scene_datasets/hm3d/minival/00805-SUHsP6z2gcJ/SUHsP6z2gcJ.basis.glb,reorientation,reorientation;long_route;multi_turn;low_clearance,14.017169952392578,5,1.0,125,125,1.0,1.0,0.11256643384695053,True,48,0
225,00805-SUHsP6z2gcJ-000018,/home/sousuke/habitat-lab/data/scene_datasets/hm3d/minival/00805-SUHsP6z2gcJ/SUHsP6z2gcJ.basis.glb,low_clearance,low_clearance,3.7129619121551514,1,0.9,33,33,1.0,0.9883221485257476,0.04986080154776573,True,15,0
226,00805-SUHsP6z2gcJ-000000,/home/sousuke/habitat-lab/data/scene_datasets/hm3d/minival/00805-SUHsP6z2gcJ/SUHsP6z2gcJ.basis.glb,standard,standard;low_clearance,5.9222002029418945,1,1.0,44,44,1.0,1.0,0.18541033565998077,True,17,0
227,00805-SUHsP6z2gcJ-000020,/home/sousuke/habitat-lab/data/scene_datasets/hm3d/minival/00805-SUHsP6z2gcJ/SUHsP6z2gcJ.basis.glb,standard,standard;low_clearance,7.220645904541016,1,1.0,53,53,1.0,0.9959486127720325,0.021406497806310654,True,13,0
228,00805-SUHsP6z2gcJ-000014,/home/sousuke/habitat-lab/data/scene_datasets/hm3d/minival/00805-SUHsP6z2gcJ/SUHsP6z2gcJ.basis.glb,reorientation,reorientation;long_route;multi_turn;low_clearance,8.115200996398926,4,1.0,78,78,1.0,1.0,0.09311811625957489,True,35,0
229,00805-SUHsP6z2gcJ-000011,/home/sousuke/habitat-lab/data/scene_datasets/hm3d/minival/00805-SUHsP6z2gcJ/SUHsP6z2gcJ.basis.glb,long_route,long_route;multi_turn;low_clearance,13.18132495880127,2,0.9666666666666667,88,88,1.0,1.0,0.1673315316438675,True,26,0
230,00805-SUHsP6z2gcJ-000029,/home/sousuke/habitat-lab/data/scene_datasets/hm3d/minival/00805-SUHsP6z2gcJ/SUHsP6z2gcJ.basis.glb,reorientation,reorientation;multi_turn;low_clearance,7.827117919921875,2,1.0,69,69,1.0,1.0,0.1027386486530304,True,23,0
231,00805-SUHsP6z2gcJ-000010,/home/sousuke/habitat-lab/data/scene_datasets/hm3d/minival/00805-SUHsP6z2gcJ/SUHsP6z2gcJ.basis.glb,standard,standard;long_route;multi_turn;low_clearance,8.78040885925293,3,1.0,71,71,1.0,0.9977658830947064,0.013678748160600662,True,23,0
232,00805-SUHsP6z2gcJ-000022,/home/sousuke/habitat-lab/data/scene_datasets/hm3d/minival/00805-SUHsP6z2gcJ/SUHsP6z2gcJ.basis.glb,multi_turn,multi_turn;long_route;low_clearance,13.45290756225586,7,1.0,124,124,1.0,1.0,0.09820764511823654,True,45,0
233,00805-SUHsP6z2gcJ-000002,/home/sousuke/habitat-lab/data/scene_datasets/hm3d/minival/00805-SUHsP6z2gcJ/SUHsP6z2gcJ.basis.glb,multi_turn,multi_turn;long_route;low_clearance,14.798111915588379,6,1.0,126,126,1.0,1.0,0.021363915875554085,True,57,0
234,00805-SUHsP6z2gcJ-000015,/home/sousuke/habitat-lab/data/scene_datasets/hm3d/minival/00805-SUHsP6z2gcJ/SUHsP6z2gcJ.basis.glb,standard,standard;multi_turn;low_clearance,6.77935791015625,2,1.0,53,53,1.0,1.0,0.0162384994328022,True,14,0
235,00805-SUHsP6z2gcJ-000026,/home/sousuke/habitat-lab/data/scene_datasets/hm3d/minival/00805-SUHsP6z2gcJ/SUHsP6z2gcJ.basis.glb,long_route,long_route;multi_turn;low_clearance,11.920949935913086,3,1.0,80,80,1.0,1.0,0.1594008207321167,True,20,0
236,00805-SUHsP6z2gcJ-000016,/home/sousuke/habitat-lab/data/scene_datasets/hm3d/minival/00805-SUHsP6z2gcJ/SUHsP6z2gcJ.basis.glb,long_route,long_route;low_clearance,8.646987915039062,0,1.0,52,52,1.0,1.0,0.14318609237670898,True,7,0
237,00805-SUHsP6z2gcJ-000027,/home/sousuke/habitat-lab/data/scene_datasets/hm3d/minival/00805-SUHsP6z2gcJ/SUHsP6z2gcJ.basis.glb,multi_turn,multi_turn;long_route;low_clearance,9.200094223022461,2,1.0,69,69,1.0,0.9946045661665107,0.043680693954229355,True,23,0
238,00805-SUHsP6z2gcJ-000007,/home/sousuke/habitat-lab/data/scene_datasets/hm3d/minival/00805-SUHsP6z2gcJ/SUHsP6z2gcJ.basis.glb,multi_turn,multi_turn;low_clearance,3.423942804336548,2,1.0,34,34,1.0,1.0,0.16788354516029358,True,17,0
239,00805-SUHsP6z2gcJ-000019,/home/sousuke/habitat-lab/data/scene_datasets/hm3d/minival/00805-SUHsP6z2gcJ/SUHsP6z2gcJ.basis.glb,reorientation,reorientation;low_clearance,2.285621404647827,0,1.0,28,28,1.0,1.0,0.04196082800626755,True,16,0
240,00802-wcojb4TFT35-000015,/home/sousuke/habitat-lab/data/scene_datasets/hm3d/minival/00802-wcojb4TFT35/wcojb4TFT35.basis.glb,standard,standard;long_route;low_clearance,10.548232078552246,0,0.76,62,62,1.0,1.0,0.057780154049396515,True,9,0
241,00802-wcojb4TFT35-000000,/home/sousuke/habitat-lab/data/scene_datasets/hm3d/minival/00802-wcojb4TFT35/wcojb4TFT35.basis.glb,standard,standard;multi_turn;low_clearance,4.9077019691467285,2,0.9230769230769231,38,38,1.0,1.0,0.13491752743721008,True,13,0
242,00802-wcojb4TFT35-000007,/home/sousuke/habitat-lab/data/scene_datasets/hm3d/minival/00802-wcojb4TFT35/wcojb4TFT35.basis.glb,multi_turn,multi_turn;low_clearance,4.365639686584473,2,1.0,36,36,1.0,1.0,0.04523077234625816,True,11,0
243,00802-wcojb4TFT35-000003,/home/sousuke/habitat-lab/data/scene_datasets/hm3d/minival/00802-wcojb4TFT35/wcojb4TFT35.basis.glb,low_clearance,low_clearance;multi_turn,4.977301120758057,2,0.7857142857142857,48,48,1.0,0.995436808518381,0.03237125650048256,True,25,0
244,00802-wcojb4TFT35-000022,/home/sousuke/habitat-lab/data/scene_datasets/hm3d/minival/00802-wcojb4TFT35/wcojb4TFT35.basis.glb,multi_turn,multi_turn;long_route;low_clearance,8.103371620178223,3,1.0,65,65,1.0,1.0,0.09801758080720901,True,36,0
245,00802-wcojb4TFT35-000013,/home/sousuke/habitat-lab/data/scene_datasets/hm3d/minival/00802-wcojb4TFT35/wcojb4TFT35.basis.glb,low_clearance,low_clearance,5.887441635131836,1,0.9333333333333333,48,48,1.0,1.0,0.12054981291294098,True,22,0
246,00802-wcojb4TFT35-000019,/home/sousuke/habitat-lab/data/scene_datasets/hm3d/minival/00802-wcojb4TFT35/wcojb4TFT35.basis.glb,reorientation,reorientation;low_clearance,4.076716423034668,1,0.9090909090909091,44,44,1.0,1.0,0.10479149967432022,True,22,0
247,00802-wcojb4TFT35-000006,/home/sousuke/habitat-lab/data/scene_datasets/hm3d/minival/00802-wcojb4TFT35/wcojb4TFT35.basis.glb,long_route,long_route,8.830764770507812,1,0.6666666666666666,56,56,1.0,1.0,0.08734375238418579,True,13,0
248,00802-wcojb4TFT35-000012,/home/sousuke/habitat-lab/data/scene_datasets/hm3d/minival/00802-wcojb4TFT35/wcojb4TFT35.basis.glb,multi_turn,multi_turn;long_route;low_clearance,8.755781173706055,2,0.8571428571428571,74,74,1.0,0.9939604763209813,0.012283477000892162,True,29,0
249,00802-wcojb4TFT35-000020,/home/sousuke/habitat-lab/data/scene_datasets/hm3d/minival/00802-wcojb4TFT35/wcojb4TFT35.basis.glb,standard,standard;low_clearance,4.381405830383301,1,1.0,35,35,1.0,1.0,0.1078023612499237,True,9,0
250,00802-wcojb4TFT35-000025,/home/sousuke/habitat-lab/data/scene_datasets/hm3d/minival/00802-wcojb4TFT35/wcojb4TFT35.basis.glb,standard,standard;low_clearance,3.5417709350585938,1,0.8888888888888888,28,28,1.0,1.0,0.05172945559024811,True,11,0
251,00802-wcojb4TFT35-000010,/home/sousuke/habitat-lab/data/scene_datasets/hm3d/minival/00802-wcojb4TFT35/wcojb4TFT35.basis.glb,standard,standard;low_clearance,6.216982841491699,1,0.75,45,45,1.0,0.9940519280203598,0.04035244509577751,True,13,0
252,00802-wcojb4TFT35-000004,/home/sousuke/habitat-lab/data/scene_datasets/hm3d/minival/00802-wcojb4TFT35/wcojb4TFT35.basis.glb,reorientation,reorientation;long_route;multi_turn;low_clearance,11.235086441040039,2,0.9629629629629629,88,88,1.0,0.9920011584448665,0.04539509862661362,True,26,0
253,00802-wcojb4TFT35-000017,/home/sousuke/habitat-lab/data/scene_datasets/hm3d/minival/00802-wcojb4TFT35/wcojb4TFT35.basis.glb,multi_turn,multi_turn;long_route;low_clearance,9.42066764831543,2,0.8260869565217391,53,53,1.0,1.0,0.12871408462524414,True,5,0
254,00802-wcojb4TFT35-000011,/home/sousuke/habitat-lab/data/scene_datasets/hm3d/minival/00802-wcojb4TFT35/wcojb4TFT35.basis.glb,long_route,long_route;low_clearance,9.588139533996582,1,1.0,72,72,1.0,1.0,0.07405031472444534,True,23,0
255,00802-wcojb4TFT35-000014,/home/sousuke/habitat-lab/data/scene_datasets/hm3d/minival/00802-wcojb4TFT35/wcojb4TFT35.basis.glb,reorientation,reorientation,2.3101816177368164,0,0.3333333333333333,28,28,1.0,1.0,0.06392685323953629,True,17,0
256,00802-wcojb4TFT35-000018,/home/sousuke/habitat-lab/data/scene_datasets/hm3d/minival/00802-wcojb4TFT35/wcojb4TFT35.basis.glb,low_clearance,low_clearance;long_route,8.463624954223633,1,0.9523809523809523,56,56,1.0,1.0,0.19381150603294373,True,12,0
257,00802-wcojb4TFT35-000002,/home/sousuke/habitat-lab/data/scene_datasets/hm3d/minival/00802-wcojb4TFT35/wcojb4TFT35.basis.glb,multi_turn,multi_turn;low_clearance,4.688875198364258,2,0.9285714285714286,41,41,1.0,1.0,0.16643133759498596,True,21,0
258,00802-wcojb4TFT35-000028,/home/sousuke/habitat-lab/data/scene_datasets/hm3d/minival/00802-wcojb4TFT35/wcojb4TFT35.basis.glb,low_clearance,low_clearance;long_route,10.525291442871094,0,0.8,50,50,1.0,1.0,0.07043084502220154,True,1,0
259,00802-wcojb4TFT35-000023,/home/sousuke/habitat-lab/data/scene_datasets/hm3d/minival/00802-wcojb4TFT35/wcojb4TFT35.basis.glb,low_clearance,low_clearance,3.4350638389587402,0,1.0,38,38,1.0,1.0,0.1697579175233841,True,17,0
260,00802-wcojb4TFT35-000016,/home/sousuke/habitat-lab/data/scene_datasets/hm3d/minival/00802-wcojb4TFT35/wcojb4TFT35.basis.glb,long_route,long_route;multi_turn;low_clearance,8.608299255371094,4,1.0,68,68,1.0,0.9927168811254852,0.07912877202033997,True,25,0
261,00802-wcojb4TFT35-000024,/home/sousuke/habitat-lab/data/scene_datasets/hm3d/minival/00802-wcojb4TFT35/wcojb4TFT35.basis.glb,reorientation,reorientation,3.2009005546569824,0,0.375,32,32,1.0,0.984892053879898,0.04559609666466713,True,17,0
262,00802-wcojb4TFT35-000001,/home/sousuke/habitat-lab/data/scene_datasets/hm3d/minival/00802-wcojb4TFT35/wcojb4TFT35.basis.glb,long_route,long_route,8.391273498535156,0,0.5555555555555556,40,40,1.0,1.0,0.17283794283866882,True,4,0
263,00802-wcojb4TFT35-000026,/home/sousuke/habitat-lab/data/scene_datasets/hm3d/minival/00802-wcojb4TFT35/wcojb4TFT35.basis.glb,long_route,long_route,9.226898193359375,1,0.6190476190476191,55,55,1.0,1.0,0.17420190572738647,True,13,0
264,00802-wcojb4TFT35-000005,/home/sousuke/habitat-lab/data/scene_datasets/hm3d/minival/00802-wcojb4TFT35/wcojb4TFT35.basis.glb,standard,standard;long_route;multi_turn;low_clearance,12.534427642822266,2,0.9310344827586207,82,82,1.0,0.9994703790051336,0.13084350526332855,True,18,0
265,00802-wcojb4TFT35-000009,/home/sousuke/habitat-lab/data/scene_datasets/hm3d/minival/00802-wcojb4TFT35/wcojb4TFT35.basis.glb,reorientation,reorientation;long_route;multi_turn;low_clearance,11.727075576782227,2,0.9259259259259259,95,95,1.0,0.9912588941296454,0.04577318951487541,True,30,0
266,00802-wcojb4TFT35-000027,/home/sousuke/habitat-lab/data/scene_datasets/hm3d/minival/00802-wcojb4TFT35/wcojb4TFT35.basis.glb,multi_turn,multi_turn;low_clearance,5.26328182220459,2,1.0,59,59,1.0,0.9894376143100927,0.032397132366895676,True,28,0
267,00802-wcojb4TFT35-000008,/home/sousuke/habitat-lab/data/scene_datasets/hm3d/minival/00802-wcojb4TFT35/wcojb4TFT35.basis.glb,low_clearance,low_clearance,4.004006385803223,1,1.0,35,35,1.0,0.9773322646550817,0.050836849957704544,True,7,0
268,00802-wcojb4TFT35-000021,/home/sousuke/habitat-lab/data/scene_datasets/hm3d/minival/00802-wcojb4TFT35/wcojb4TFT35.basis.glb,long_route,long_route,8.54222583770752,0,0.42105263157894735,55,55,1.0,1.0,0.07174317538738251,True,16,0
269,00802-wcojb4TFT35-000029,/home/sousuke/habitat-lab/data/scene_datasets/hm3d/minival/00802-wcojb4TFT35/wcojb4TFT35.basis.glb,reorientation,reorientation;low_clearance,5.07567834854126,1,0.8461538461538461,47,47,1.0,1.0,0.06424535810947418,True,22,0
270,00806-tQ5s4ShP627-000023,/home/sousuke/habitat-lab/data/scene_datasets/hm3d/minival/00806-tQ5s4ShP627/tQ5s4ShP627.basis.glb,low_clearance,low_clearance;long_route,14.048555374145508,1,1.0,98,98,1.0,0.9992747418727799,0.07168146967887878,True,52,0
271,00806-tQ5s4ShP627-000008,/home/sousuke/habitat-lab/data/scene_datasets/hm3d/minival/00806-tQ5s4ShP627/tQ5s4ShP627.basis.glb,low_clearance,low_clearance;long_route,8.94301986694336,0,0.9523809523809523,46,46,1.0,0.990519028003527,0.00822646263986826,True,1,0
272,00806-tQ5s4ShP627-000026,/home/sousuke/habitat-lab/data/scene_datasets/hm3d/minival/00806-tQ5s4ShP627/tQ5s4ShP627.basis.glb,long_route,long_route;multi_turn;low_clearance,12.846170425415039,3,0.9705882352941176,98,98,1.0,1.0,0.028537334874272346,True,31,0
273,00806-tQ5s4ShP627-000019,/home/sousuke/habitat-lab/data/scene_datasets/hm3d/minival/00806-tQ5s4ShP627/tQ5s4ShP627.basis.glb,reorientation,reorientation;long_route;multi_turn;low_clearance,11.205926895141602,4,0.9655172413793104,86,86,1.0,0.995795297898284,0.042421940714120865,True,28,0
274,00806-tQ5s4ShP627-000006,/home/sousuke/habitat-lab/data/scene_datasets/hm3d/minival/00806-tQ5s4ShP627/tQ5s4ShP627.basis.glb,long_route,long_route;low_clearance,8.642243385314941,1,1.0,56,56,1.0,1.0,0.14510345458984375,True,11,0
275,00806-tQ5s4ShP627-000010,/home/sousuke/habitat-lab/data/scene_datasets/hm3d/minival/00806-tQ5s4ShP627/tQ5s4ShP627.basis.glb,standard,standard;low_clearance,5.595750331878662,0,1.0,36,36,1.0,1.0,0.08780965954065323,True,7,0
276,00806-tQ5s4ShP627-000003,/home/sousuke/habitat-lab/data/scene_datasets/hm3d/minival/00806-tQ5s4ShP627/tQ5s4ShP627.basis.glb,low_clearance,low_clearance;multi_turn,6.636303901672363,2,1.0,62,62,1.0,1.0,0.10753456503152847,True,35,0
277,00806-tQ5s4ShP627-000007,/home/sousuke/habitat-lab/data/scene_datasets/hm3d/minival/00806-tQ5s4ShP627/tQ5s4ShP627.basis.glb,multi_turn,multi_turn;low_clearance,5.30574893951416,2,1.0,36,36,1.0,1.0,0.08222804218530655,True,12,0
278,00806-tQ5s4ShP627-000025,/home/sousuke/habitat-lab/data/scene_datasets/hm3d/minival/00806-tQ5s4ShP627/tQ5s4ShP627.basis.glb,standard,standard;low_clearance,6.788548469543457,1,1.0,55,55,1.0,0.999607436686102,0.06528140604496002,True,15,0
279,00806-tQ5s4ShP627-000012,/home/sousuke/habitat-lab/data/scene_datasets/hm3d/minival/00806-tQ5s4ShP627/tQ5s4ShP627.basis.glb,multi_turn,multi_turn;long_route;low_clearance,10.563741683959961,4,0.9655172413793104,72,72,1.0,1.0,0.06094198673963547,True,20,0
280,00806-tQ5s4ShP627-000001,/home/sousuke/habitat-lab/data/scene_datasets/hm3d/minival/00806-tQ5s4ShP627/tQ5s4ShP627.basis.glb,long_route,long_route;low_clearance,9.845657348632812,1,1.0,80,80,1.0,1.0,0.07764092832803726,True,37,0
281,00806-tQ5s4ShP627-000027,/home/sousuke/habitat-lab/data/scene_datasets/hm3d/minival/00806-tQ5s4ShP627/tQ5s4ShP627.basis.glb,multi_turn,multi_turn;low_clearance,3.9595067501068115,2,1.0,29,29,1.0,0.9890333679300345,0.04433787614107132,True,5,0
282,00806-tQ5s4ShP627-000005,/home/sousuke/habitat-lab/data/scene_datasets/hm3d/minival/00806-tQ5s4ShP627/tQ5s4ShP627.basis.glb,standard,standard;low_clearance,7.713779449462891,1,1.0,62,62,1.0,0.9933026942231828,0.016512537375092506,True,21,0
283,00806-tQ5s4ShP627-000004,/home/sousuke/habitat-lab/data/scene_datasets/hm3d/minival/00806-tQ5s4ShP627/tQ5s4ShP627.basis.glb,reorientation,reorientation;low_clearance,7.994235038757324,1,1.0,51,51,1.0,1.0,0.004527607001364231,True,14,0
284,00806-tQ5s4ShP627-000020,/home/sousuke/habitat-lab/data/scene_datasets/hm3d/minival/00806-tQ5s4ShP627/tQ5s4ShP627.basis.glb,standard,standard;long_route;multi_turn;low_clearance,9.11670207977295,4,1.0,76,76,1.0,0.9823678053656126,0.05448485538363457,True,32,0
285,00806-tQ5s4ShP627-000024,/home/sousuke/habitat-lab/data/scene_datasets/hm3d/minival/00806-tQ5s4ShP627/tQ5s4ShP627.basis.glb,reorientation,reorientation;long_route;multi_turn;low_clearance,8.33403205871582,2,1.0,65,65,1.0,1.0,0.0748596340417862,True,22,0
286,00806-tQ5s4ShP627-000028,/home/sousuke/habitat-lab/data/scene_datasets/hm3d/minival/00806-tQ5s4ShP627/tQ5s4ShP627.basis.glb,low_clearance,low_clearance;long_route,8.77226734161377,0,0.9,59,59,1.0,0.9775696206810439,0.03247532248497009,True,12,0
287,00806-tQ5s4ShP627-000013,/home/sousuke/habitat-lab/data/scene_datasets/hm3d/minival/00806-tQ5s4ShP627/tQ5s4ShP627.basis.glb,low_clearance,low_clearance;multi_turn,5.240113735198975,2,0.9285714285714286,37,37,1.0,0.9865970482850459,0.03265436738729477,True,10,0
288,00806-tQ5s4ShP627-000015,/home/sousuke/habitat-lab/data/scene_datasets/hm3d/minival/00806-tQ5s4ShP627/tQ5s4ShP627.basis.glb,standard,standard;low_clearance,5.242722511291504,1,1.0,30,30,1.0,0.9986139874062857,0.0023582226131111383,True,1,0
289,00806-tQ5s4ShP627-000018,/home/sousuke/habitat-lab/data/scene_datasets/hm3d/minival/00806-tQ5s4ShP627/tQ5s4ShP627.basis.glb,low_clearance,low_clearance,3.3921871185302734,0,1.0,27,27,1.0,1.0,0.15087716281414032,True,9,0
290,00806-tQ5s4ShP627-000009,/home/sousuke/habitat-lab/data/scene_datasets/hm3d/minival/00806-tQ5s4ShP627/tQ5s4ShP627.basis.glb,reorientation,reorientation;low_clearance,2.074463129043579,1,1.0,32,32,1.0,1.0,0.09185153990983963,True,20,0
291,00806-tQ5s4ShP627-000016,/home/sousuke/habitat-lab/data/scene_datasets/hm3d/minival/00806-tQ5s4ShP627/tQ5s4ShP627.basis.glb,long_route,long_route;low_clearance,10.564238548278809,1,1.0,70,70,1.0,1.0,0.06043442711234093,True,19,0
292,00806-tQ5s4ShP627-000021,/home/sousuke/habitat-lab/data/scene_datasets/hm3d/minival/00806-tQ5s4ShP627/tQ5s4ShP627.basis.glb,long_route,long_route;low_clearance,8.689777374267578,1,1.0,55,55,1.0,1.0,0.17904041707515717,True,8,0
293,00806-tQ5s4ShP627-000017,/home/sousuke/habitat-lab/data/scene_datasets/hm3d/minival/00806-tQ5s4ShP627/tQ5s4ShP627.basis.glb,multi_turn,multi_turn;long_route;low_clearance,8.106040954589844,2,1.0,61,61,1.0,1.0,0.08392153680324554,True,19,0
294,00806-tQ5s4ShP627-000029,/home/sousuke/habitat-lab/data/scene_datasets/hm3d/minival/00806-tQ5s4ShP627/tQ5s4ShP627.basis.glb,reorientation,reorientation;multi_turn;low_clearance,7.688669681549072,2,1.0,72,72,1.0,1.0,0.1350460797548294,True,33,0
295,00806-tQ5s4ShP627-000011,/home/sousuke/habitat-lab/data/scene_datasets/hm3d/minival/00806-tQ5s4ShP627/tQ5s4ShP627.basis.glb,long_route,long_route;low_clearance,8.723766326904297,0,1.0,49,49,1.0,0.9947059178314823,0.008926937356591225,True,4,0
296,00806-tQ5s4ShP627-000022,/home/sousuke/habitat-lab/data/scene_datasets/hm3d/minival/00806-tQ5s4ShP627/tQ5s4ShP627.basis.glb,multi_turn,multi_turn;long_route;low_clearance,12.1274995803833,4,0.96875,88,88,1.0,1.0,0.16872373223304749,True,25,0
297,00806-tQ5s4ShP627-000000,/home/sousuke/habitat-lab/data/scene_datasets/hm3d/minival/00806-tQ5s4ShP627/tQ5s4ShP627.basis.glb,standard,standard;long_route;multi_turn;low_clearance,10.258136749267578,2,1.0,79,79,1.0,0.9910607834334771,0.07640315592288971,True,30,0
298,00806-tQ5s4ShP627-000014,/home/sousuke/habitat-lab/data/scene_datasets/hm3d/minival/00806-tQ5s4ShP627/tQ5s4ShP627.basis.glb,reorientation,reorientation;multi_turn;low_clearance,5.3942341804504395,2,1.0,63,63,1.0,1.0,0.11528124660253525,True,39,0
299,00806-tQ5s4ShP627-000002,/home/sousuke/habitat-lab/data/scene_datasets/hm3d/minival/00806-tQ5s4ShP627/tQ5s4ShP627.basis.glb,multi_turn,multi_turn;low_clearance,5.409421920776367,2,0.8461538461538461,50,50,1.0,1.0,0.15198563039302826,True,20,0
